date,pe,pb,ps,dividend_yield,cn10y,spread,us10y,erp
2016-09-19,22.977736467631168,,,,,,,
2016-09-20,22.98499827617678,,,,,,1.69,2.660663802470102
2016-09-21,23.237037119759826,,,,,,1.66,2.6434746419957342
2016-09-22,23.391634049125265,,,,,,,
2016-09-23,23.250079236732446,,,,,,1.6199999999999999,2.6810606106671466
2016-09-26,23.05014148023554,,,,,,1.59,2.748368165147512
2016-09-27,23.20049680535553,,,,,,1.5599999999999998,2.750252527735368
2016-09-28,23.317340526440262,,,,,,1.5699999999999998,2.7186537547713416
2016-09-29,23.09924641363042,,,,,,1.5599999999999998,2.7691455577958566
2016-09-30,23.262311816824568,,,,,,1.6,2.6987988806716348
2016-10-03,23.183079345209624,,,,,,1.63,2.6834908228083707
2016-10-04,23.01696742476087,,,,,,1.69,2.6546209986995684
2016-10-05,23.111497649326132,,,,,,1.72,2.606850709431015
2016-10-06,23.11885468299538,,,,,,1.7500000000000002,2.5754737906005802
2016-10-07,23.043122830805153,,,,,,1.73,2.6096895782855962
2016-10-10,23.148502285074976,,,,,,,
2016-10-11,22.85574213541294,,,,,,1.77,2.605268123324637
2016-10-12,22.883405505861163,,,,,,1.79,2.5799789340527504
2016-10-13,22.81392605838718,,,,,,1.7500000000000002,2.633287635108143
2016-10-14,22.821392967665506,,,,,,1.7999999999999998,2.581853471507415
2016-10-17,22.85467583916965,,,,,,1.77,2.60547225363023
2016-10-18,22.9945911776917,,,,,,1.7500000000000002,2.5988487891454852
2016-10-19,23.031189525728497,,,,,,1.76,2.5819381308242226
2016-10-20,23.002071523580337,,,,,,1.76,2.5874345298633665
2016-10-21,23.039609178137063,,,,,,1.7399999999999998,2.6003514020929157
2016-10-24,23.1469551644666,,,,,,1.77,2.550222650861319
2016-10-25,23.02530692734698,,,,,,1.77,2.5730474267090346
2016-10-26,23.231793354153854,,,,,,1.79,2.514446001028154
2016-10-27,23.12926812320415,,,,,,1.8499999999999999,2.4735263419198406
2016-10-28,23.081700321720426,,,,,,1.8599999999999999,2.4724364585869627
2016-10-31,23.06922877405382,,,,,,1.8399999999999999,2.4947786343196245
2016-11-01,22.78730228872312,,,,,,1.83,2.558408892503593
2016-11-02,22.47427824242551,,,,,,1.81,2.639531100457161
2016-11-03,22.053028264312566,,,,,,1.82,2.714524637680964
2016-11-04,21.703754378374565,,,,,,1.79,2.8174977746541003
2016-11-07,22.207538091359943,,,,,,1.83,2.6729755026697877
2016-11-08,22.272846801141586,,,,,,1.8800000000000001,2.6097718236392904
2016-11-09,22.454260640849633,,,,,,2.07,2.3834977837603017
2016-11-10,22.507852568383466,,,,,,2.15,2.292893860983829
2016-11-11,22.477935578832437,,,,,,,
2016-11-14,22.465351154214414,,,,,,2.23,2.221299216893851
2016-11-15,22.63504344526541,,,,,,2.23,2.1879283438007753
2016-11-16,22.603046079988772,,,,,,2.22,2.2041824595727086
2016-11-17,22.70656591003693,,,,,,2.29,2.1140124956014263
2016-11-18,22.643108289430106,,,,,,2.34,2.0763548008415613
2016-11-21,22.81115003409039,,,,,,2.33,2.0538210634077556
2016-11-22,22.850445563471503,,,,,,2.31,2.066282279583161
2016-11-23,22.913686300376884,,,,,,2.36,2.004203938602197
2016-11-25,23.02710267677059,,,,,,2.36,1.982708737772667
2016-11-28,22.906446068913223,,,,,,2.32,2.045583368941371
2016-11-29,22.94889809108424,,,,,,2.3,2.057507693968562
2016-11-30,22.876537890373022,,,,,,2.37,2.001290816784052
2016-12-01,22.80269831661838,,,,,,2.45,1.9354459069486962
2016-12-02,22.805305973083225,,,,,,2.4,1.9849444562606862
2016-12-05,22.926281229513624,,,,,,2.39,1.9718063914904476
2016-12-06,23.004675341944576,,,,,,2.39,1.9569424590256808
2016-12-07,23.305549631457936,,,,,,2.34,1.9508234983233157
2016-12-08,23.35243129735463,,,,,,2.4,1.8822093651262786
2016-12-09,23.48951575861221,,,,,,2.4699999999999998,1.7872184555714368
2016-12-12,23.46135507553318,,,,,,2.4899999999999998,1.7723283982554627
2016-12-13,23.614898275147834,,,,,,2.48,1.7546148958532402
2016-12-14,23.4247519167751,,,,,,2.54,1.7289886473626765
2016-12-15,23.50698467952483,,,,,,2.6,1.6540547570570587
2016-12-16,23.461451545667803,,,,,,2.6,1.6623108721704463
2016-12-19,23.5134714738976,,,,,,2.54,1.7128811669093782
2016-12-20,23.601072940655328,,,,,,2.5700000000000003,1.6670955020328542
2016-12-21,23.536246400814203,,,,,,2.55,1.6987658523383171
2016-12-22,23.487170577500873,,,,,,2.55,1.7076435365012959
2016-12-23,23.54326883845619,,,,,,2.55,1.6974985392282234
2016-12-27,23.59626190937953,,,,,,2.5700000000000003,1.6679594015376615
2016-12-28,23.401618721247456,,,,,,2.5100000000000002,1.763208669501362
2016-12-29,23.393984251215215,,,,,,2.4899999999999998,1.7846032025222658
2016-12-30,23.2842915483416,,,,,,2.45,1.844740932632
2017-01-03,23.48044368870195,,,,,,2.45,1.808863304534439
2017-01-04,23.609548278668278,,,,,,2.46,1.7755744726531724
2017-01-05,23.58459275735815,,,,,,2.37,1.8700562531994978
2017-01-06,23.665395692897345,,,,,,2.42,1.8055790394416613
2017-01-09,23.585284816701915,,,,,,2.3800000000000003,1.8599318378883862
2017-01-10,23.583310537480873,,,,,,2.3800000000000003,1.860286784209975
2017-01-11,23.654152905482768,,,,,,2.3800000000000003,1.8475874515388422
2017-01-12,23.605868142102146,,,,,,2.36,1.8762347954339975
2017-01-13,23.651270827431375,,,,,,2.4,1.8281026135820713
2017-01-17,23.58431358213507,,,,,,2.33,1.910106444130271
2017-01-18,23.625691533612653,,,,,,2.42,1.8126803369005469
2017-01-19,23.540901890174556,,,,,,2.4699999999999998,1.777925609075231
2017-01-20,23.4783063528455,,,,,,2.48,1.7792510080217219
2017-01-23,23.420171566698706,,,,,,2.41,1.859823545707524
2017-01-24,23.576824435460058,,,,,,2.4699999999999998,1.7714533082579953
2017-01-25,23.765090332750905,,,,,,2.53,1.677852720096293
2017-01-26,23.73791566539799,,,,,,2.5100000000000002,1.7026697815245355
2017-01-27,23.710079692157304,,,,,,2.4899999999999998,1.7276155162007947
2017-01-30,23.559237874812794,,,,,,2.4899999999999998,1.7546194792621077
2017-01-31,23.535391256593826,,,,,,2.45,1.7989202286783037
2017-02-01,23.528834038904325,,,,,,2.48,1.7701043542851536
2017-02-02,23.512580965780614,,,,,,2.48,1.773042239196815
2017-02-03,23.589391846379016,,,,,,2.4899999999999998,1.749193644805644
2017-02-06,23.349651424239898,,,,,,2.42,1.862719179961176
2017-02-07,23.473400249839216,,,,,,2.4,1.860141220941562
2017-02-08,23.418639427935926,,,,,,2.34,1.9301028942232543
2017-02-09,23.773136806465768,,,,,,2.4,1.8064284917084312
2017-02-10,23.837585996346682,,,,,,2.41,1.7850556577048478
2017-02-13,23.93746715464678,,,,,,2.4299999999999997,1.7475514240481305
2017-02-14,23.908679811488998,,,,,,2.4699999999999998,1.712581421829337
2017-02-15,23.88062276729227,,,,,,2.5100000000000002,1.6774954842870957
2017-02-16,23.80099742112904,,,,,,2.45,1.7515045937203553
2017-02-17,23.8938836069176,,,,,,2.42,1.7651714708716773
2017-02-21,24.09732472760425,,,,,,2.4299999999999997,1.7198382550925597
2017-02-22,24.179181596059593,,,,,,2.42,1.7157892781737782
2017-02-23,23.818033200503834,,,,,,2.3800000000000003,1.8184994797087044
2017-02-24,23.92740070133221,,,,,,2.31,1.8693089541243935
2017-02-27,23.6760150276399,,,,,,2.36,1.8636837526609864
2017-02-28,23.41701827790878,,,,,,2.36,1.9103985115960858
2017-03-01,23.773272548446787,,,,,,2.46,1.7464044736042634
2017-03-02,23.55062090224503,,,,,,2.4899999999999998,1.7561725495512186
2017-03-03,23.534102043460365,,,,,,2.4899999999999998,1.759152987240825
2017-03-06,23.46002693569244,,,,,,2.4899999999999998,1.7725697009690342
2017-03-07,23.403536545729178,,,,,,2.52,1.7528584974585226
2017-03-08,23.36813355061965,,,,,,2.5700000000000003,1.7093319279600019
2017-03-09,23.42224080771324,,,,,,2.6,1.669446327572071
2017-03-10,23.493615405715392,,,,,,2.58,1.6764755689187183
2017-03-13,23.503570501946378,,,,,,2.62,1.6346727099067264
2017-03-14,23.427356990669505,,,,,,2.6,1.6685139446087471
2017-03-15,23.62199211707569,,,,,,2.5100000000000002,1.7233432127306805
2017-03-16,23.588661112006054,,,,,,2.53,1.7093249674142137
2017-03-17,23.55529932764969,,,,,,2.5,1.7453291978598617
2017-03-20,23.51583300164811,,,,,,2.4699999999999998,1.7824540803207558
2017-03-21,23.22752075309771,,,,,,2.4299999999999997,1.8752377850814588
2017-03-22,23.26877446172384,,,,,,2.4,1.8976049368004237
2017-03-23,23.24836327487562,,,,,,2.41,1.8913780719810696
2017-03-24,23.224695948184266,,,,,,2.4,1.9057614283995874
2017-03-27,23.200256413446443,,,,,,2.3800000000000003,1.9302971888725255
2017-03-28,23.337615933319803,,,,,,2.42,1.8649278300628405
2017-03-29,23.36276224694794,,,,,,2.39,1.8903157838523046
2017-03-30,23.42548696771789,,,,,,2.42,1.8488546939411608
2017-03-31,23.39259110447587,,,,,,2.4,1.8748577766943613
2017-04-03,23.344276881827184,,,,,,2.35,1.9337051884801357
2017-04-04,23.2967507856057,,,,,,2.36,1.9324440803043976
2017-04-05,23.22609358558408,,,,,,2.34,1.9655023278674708
2017-04-06,23.26023371672147,,,,,,2.34,1.9591829410601038
2017-04-07,23.24180792721595,,,,,,2.3800000000000003,1.9225912748767224
2017-04-10,23.261300593139726,,,,,,2.37,1.9289857596136395
2017-04-11,23.22780828098645,,,,,,2.32,1.9851844922388495
2017-04-12,23.152047649666358,,,,,,2.2800000000000002,2.0392723820020766
2017-04-13,22.994824684532038,,,,,,2.2399999999999998,2.1088046276459393
2017-04-17,23.19349472267134,,,,,,2.26,2.051553786771569
2017-04-18,23.134639676289186,,,,,,2.18,2.142522477084029
2017-04-19,23.104246801565193,,,,,,2.21,2.118208612852314
2017-04-20,23.26835866283552,,,,,,2.2399999999999998,2.057681733766684
2017-04-21,23.194745479933154,,,,,,2.2399999999999998,2.0713212898375892
2017-04-24,23.429888677502397,,,,,,2.2800000000000002,1.9880527157613406
2017-04-25,23.56198235962875,,,,,,2.35,1.894125068667424
2017-04-26,23.52139342953731,,,,,,2.32,1.9314488055126717
2017-04-27,23.416739478405287,,,,,,2.3,1.9704493549248872
2017-04-28,23.27059762577925,,,,,,2.29,2.0072682355703515
2017-05-01,23.30522010241735,,,,,,2.33,1.9608841693208223
2017-05-02,23.13713313345801,,,,,,2.29,2.03205664475313
2017-05-03,22.941172244718334,,,,,,2.33,2.0289751619175718
2017-05-04,22.767125997135235,,,,,,2.36,2.032297912902265
2017-05-05,22.893235526341034,,,,,,2.36,2.008102529017345
2017-05-08,22.88863837262754,,,,,,2.39,1.9789798568179449
2017-05-09,22.886452151037737,,,,,,2.42,1.9493972023298385
2017-05-10,22.902695796328683,,,,,,2.41,1.956298224859192
2017-05-11,22.85271469707573,,,,,,2.39,1.985847741747555
2017-05-12,22.81845909323976,,,,,,2.33,2.0524168665984197
2017-05-15,22.92593499862399,,,,,,2.34,2.0218722641411127
2017-05-16,22.908406399379892,,,,,,2.33,2.035209794894633
2017-05-17,22.49600897819622,,,,,,2.22,2.2252329342917174
2017-05-18,22.589235865261543,,,,,,2.23,2.196887239412256
2017-05-19,22.795165596180542,,,,,,2.23,2.156895088700543
2017-05-22,22.929220208975455,,,,,,2.25,2.111247311884415
2017-05-23,22.952500047951315,,,,,,2.29,2.0668238662927596
2017-05-24,23.020467076266417,,,,,,2.26,2.0839605142980675
2017-05-25,23.10839322348943,,,,,,2.25,2.0774319868484445
2017-05-26,23.115163724724756,,,,,,2.25,2.076164468955789
2017-05-30,23.076302769835813,,,,,,2.21,2.12344981635078
2017-05-31,23.078087374170217,,,,,,2.21,2.1231147152135064
2017-06-01,23.25447367807636,,,,,,2.21,2.090247831206651
2017-06-02,23.356618356788758,,,,,,2.15,2.1314417084027206
2017-06-05,23.33527553217065,,,,,,2.18,2.1053575850063244
2017-06-06,23.269949880106047,,,,,,2.1399999999999997,2.157387854947296
2017-06-07,23.30663313181942,,,,,,2.18,2.110624022543815
2017-06-08,23.29643634929716,,,,,,2.19,2.102502016215752
2017-06-09,23.269817416606898,,,,,,2.21,2.0874123178393873
2017-06-12,23.24756881745369,,,,,,2.21,2.0915250663511324
2017-06-13,23.354835133544615,,,,,,2.21,2.07176861143283
2017-06-14,23.333336996241197,,,,,,2.15,2.135713612935396
2017-06-15,23.26925471016425,,,,,,2.16,2.1375162395862626
2017-06-16,23.26606469517715,,,,,,2.16,2.1381054729349698
2017-06-19,23.442036800604214,,,,,,2.19,2.075840927159645
2017-06-20,23.282506042500096,,,,,,2.16,2.1350702908638404
2017-06-21,23.27523160526719,,,,,,2.16,2.1364126714584426
2017-06-22,23.271035079641376,,,,,,2.15,2.147187454608963
2017-06-23,23.308201227418817,,,,,,2.15,2.1403353641191356
2017-06-26,23.3146131446242,,,,,,2.1399999999999997,2.149155448545697
2017-06-27,23.114553886980918,,,,,,2.21,2.1162786073636566
2017-06-28,23.316209866501904,,,,,,2.22,2.0688617220618135
2017-06-29,23.09288758894458,,,,,,2.27,2.0603376251601246
2017-06-30,23.08831671215522,,,,,,2.31,2.021194917616206
2017-07-03,23.13549523387846,,,,,,2.35,1.9723626288995537
2017-07-05,23.137424454110167,,,,,,2.33,1.992002226234642
2017-07-06,22.922393270301633,,,,,,2.37,1.9925462149958175
2017-07-07,23.07052055121477,,,,,,2.39,1.9445359190317242
2017-07-10,23.08914795742025,,,,,,2.3800000000000003,1.95103898785761
2017-07-11,23.07272792289203,,,,,,2.37,1.9641212332670532
2017-07-12,23.24296219602868,,,,,,2.33,1.9723776038789973
2017-07-13,23.292337727879474,,,,,,2.35,1.943257343607303
2017-07-14,23.40255849206678,,,,,,2.33,1.9430370713056409
2017-07-17,23.375836509844337,,,,,,2.31,1.9679217743881252
2017-07-18,23.38790146322382,,,,,,2.27,2.005714952760702
2017-07-19,23.516957529816615,,,,,,2.27,1.9822507375034495
2017-07-20,23.467120294997592,,,,,,2.27,1.9912812625892005
2017-07-21,23.480916925254117,,,,,,2.2399999999999998,2.018777471012997
2017-07-24,23.45198099582805,,,,,,2.26,2.0040321096025684
2017-07-25,23.568327849533254,,,,,,2.33,1.9129823888409794
2017-07-26,23.552037945944512,,,,,,2.29,1.955917072209
2017-07-27,23.545800081738747,,,,,,2.32,1.9270419205485534
2017-07-28,23.47813711401891,,,,,,2.3,1.959281710229451
2017-07-31,23.420233294063504,,,,,,2.3,1.9698122919786512
2017-08-01,23.478561377224842,,,,,,2.26,1.9992047439927072
2017-08-02,23.264292987332958,,,,,,2.27,2.0284327980415493
2017-08-03,23.00003647912958,,,,,,2.2399999999999998,2.1078191911017536
2017-08-04,22.957035354424526,,,,,,2.27,2.085963148383048
2017-08-07,23.10707383391737,,,,,,2.26,2.067679078655841
2017-08-08,22.977297240707497,,,,,,2.29,2.0621219642332873
2017-08-09,23.002700482019108,,,,,,2.2399999999999998,2.107315658792698
2017-08-10,22.643282734330995,,,,,,2.1999999999999997,2.2163207770392463
2017-08-11,22.673717944668585,,,,,,2.19,2.2203926953679702
2017-08-14,22.918137403963627,,,,,,2.22,2.143356333778908
2017-08-15,22.899860196758418,,,,,,2.27,2.0968388863856675
2017-08-16,22.93317336680902,,,,,,2.23,2.130495531975925
2017-08-17,22.578964844309738,,,,,,2.19,2.238901000977536
2017-08-18,22.536695081365053,,,,,,2.19,2.247207835441991
2017-08-21,22.563541484877693,,,,,,2.18,2.2519283861986374
2017-08-22,22.77957348759965,,,,,,2.22,2.1698978202746537
2017-08-23,22.7002030100805,,,,,,2.17,2.23524694671642
2017-08-24,22.636847078515434,,,,,,2.19,2.2275763370734487
2017-08-25,22.666987203063748,,,,,,2.17,2.2417023186250207
2017-08-28,22.67484331390196,,,,,,2.16,2.250173804318636
2017-08-29,22.69770088703031,,,,,,2.13,2.2757325672637174
2017-08-30,22.806626618014267,,,,,,2.15,2.234690540819089
2017-08-31,22.95016445326539,,,,,,2.12,2.237267251990075
2017-09-01,22.98211436224364,,,,,,2.16,2.1912097461444127
2017-09-05,22.804562886356944,,,,,,2.07,2.3150873396843754
2017-09-06,22.874455849390415,,,,,,2.1,2.2716886932051286
2017-09-07,22.91014074453781,,,,,,2.0500000000000003,2.314879339462015
2017-09-08,22.875033157521944,,,,,,2.06,2.3115783628106885
2017-09-11,23.119599403651723,,,,,,2.1399999999999997,2.185334459913051
2017-09-12,23.19566473986502,,,,,,2.17,2.141150429249648
2017-09-13,23.175671643511045,,,,,,2.1999999999999997,2.1148695553770067
2017-09-14,23.147161742271397,,,,,,2.1999999999999997,2.120184094855128
2017-09-15,23.18467443498843,,,,,,2.1999999999999997,2.113194057583492
2017-09-18,23.208316898981405,,,,,,2.23,2.07880017862859
2017-09-19,23.234894755640394,,,,,,2.2399999999999998,2.0638714421430495
2017-09-20,23.25283470382607,,,,,,2.2800000000000002,2.020550933841446
2017-09-21,23.18001543687056,,,,,,2.27,2.0440609751682115
2017-09-22,23.191962465794266,,,,,,2.26,2.051838644422162
2017-09-25,23.135425019842877,,,,,,2.22,2.1023757469003326
2017-09-26,23.139237583997406,,,,,,2.2399999999999998,2.0816635654909317
2017-09-27,23.22410341112102,,,,,,2.31,1.9958712850940166
2017-09-28,23.253701851722013,,,,,,2.31,1.990390563087686
2017-09-29,23.34070174112463,,,,,,2.33,1.954361331939186
2017-10-02,23.42831497609726,,,,,,2.34,1.92833940477687
2017-10-03,23.48015876467143,,,,,,2.33,1.9289149844447122
2017-10-04,23.505362371645177,,,,,,2.33,1.924348366083107
2017-10-05,23.63541561613096,,,,,,2.35,1.8809389275875854
2017-10-06,23.615537495994563,,,,,,2.37,1.8645002741081385
2017-10-09,23.57296091252652,,,,,,,
2017-10-10,23.632204361647435,,,,,,2.35,1.8815138473620094
2017-10-11,23.679882669058586,,,,,,2.35,1.8729938972909443
2017-10-12,23.641572937851706,,,,,,2.33,1.8998370020843014
2017-10-13,23.656439885948377,,,,,,2.2800000000000002,1.9471787505692566
2017-10-16,23.69639981539577,,,,,,2.3,1.9200503358754561
2017-10-17,23.711818730074143,,,,,,2.3,1.9173061939431975
2017-10-18,23.7215116609406,,,,,,2.34,1.8755829455277988
2017-10-19,23.735978392739465,,,,,,2.33,1.8830136093563654
2017-10-20,23.81153213070828,,,,,,2.39,1.809645762022852
2017-10-23,23.707150338282847,,,,,,2.3800000000000003,1.83813666227601
2017-10-24,23.86512681086392,,,,,,2.42,1.7702144829365771
2017-10-25,23.755374701350906,,,,,,2.44,1.7695736757338234
2017-10-26,23.624738958168944,,,,,,2.46,1.7728510032244005
2017-10-27,23.689132232450675,,,,,,2.42,1.801345004061166
2017-10-30,23.6136002957299,,,,,,2.37,1.864847661840165
2017-10-31,23.52779421574639,,,,,,2.3800000000000003,1.870292189867643
2017-11-01,23.541786395200468,,,,,,2.37,1.877766007272383
2017-11-02,23.86618514714338,,,,,,2.35,1.8400286695785275
2017-11-03,24.061987552555017,,,,,,2.34,1.8159326627355652
2017-11-06,24.184993286957166,,,,,,2.32,1.8147954416811625
2017-11-07,24.200784691432162,,,,,,2.32,1.8120974206015368
2017-11-08,24.21104892812083,,,,,,2.32,1.8103456243009464
2017-11-09,24.103892152881443,,,,,,2.33,1.8187075765913487
2017-11-10,24.08436175519415,,,,,,2.4,1.7520718305285183
2017-11-13,24.11076431836608,,,,,,2.4,1.7475250920944974
2017-11-14,24.060090032994584,,,,,,2.3800000000000003,1.7762604239163653
2017-11-15,23.925304347889135,,,,,,2.33,1.8496751483674538
2017-11-16,24.124676548818563,,,,,,2.37,1.7751332952647276
2017-11-17,24.051566529146918,,,,,,2.35,1.807733338442421
2017-11-20,24.07525118017429,,,,,,2.37,1.7836430607357032
2017-11-21,24.169729784026057,,,,,,2.36,1.7774066195018325
2017-11-22,24.13639589463702,,,,,,2.32,1.823120639739734
2017-11-24,24.188961094248103,,,,,,2.34,1.7941171954581803
2017-11-27,24.18462891036372,,,,,,2.32,1.814857738385537
2017-11-28,24.410363208780765,,,,,,2.34,1.756620732133496
2017-11-29,24.395534363689837,,,,,,2.37,1.7291108663247554
2017-11-30,24.59206400896347,,,,,,2.42,1.6463524608406752
2017-12-01,24.57149155354975,,,,,,2.37,1.6997570101540456
2017-12-04,24.523223443027796,,,,,,2.37,1.7077673551896382
2017-12-05,24.414894401441583,,,,,,2.36,1.7358604348538766
2017-12-06,24.415891812995905,,,,,,2.33,1.7656931152018274
2017-12-07,24.48953487812228,,,,,,2.37,1.7133768586325813
2017-12-08,24.630435580984262,,,,,,2.3800000000000003,1.6800175206484869
2017-12-11,24.70661807198806,,,,,,2.39,1.65749851673865
2017-12-12,24.744256184169004,,,,,,2.4,1.6413419282321553
2017-12-13,24.734340076228843,,,,,,2.36,1.6829621203480536
2017-12-14,24.64028095617162,,,,,,2.35,1.7083952828246107
2017-12-15,24.835758591666988,,,,,,2.35,1.6764524085667545
2017-12-18,24.95734795874198,,,,,,2.39,1.6168359893572872
2017-12-19,24.878274509925987,,,,,,2.46,1.5595713718048163
2017-12-20,24.79169569590055,,,,,,2.4899999999999998,1.5436087223164638
2017-12-21,24.8022573511163,,,,,,2.48,1.5518910728300788
2017-12-22,24.790546203848542,,,,,,2.48,1.5537957533374462
2017-12-26,24.767458838556305,,,,,,2.4699999999999998,1.5675559176998313
2017-12-27,24.78805805111259,,,,,,2.42,1.614200653952059
2017-12-28,24.831679462962487,,,,,,2.4299999999999997,1.59711383856071
2017-12-29,24.687134115912613,,,,,,2.4,1.6506929451783914
2018-01-02,24.891897731365738,,,,,,2.46,1.5573714788323345
2018-01-03,25.055859291115745,,,,,,2.44,1.5510824385678839
2018-01-04,25.157109960599154,,,,,,2.46,1.5150193943827066
2018-01-05,25.333548521548977,,,,,,2.4699999999999998,1.477334891317692
2018-01-08,25.38012234888394,,,,,,2.4899999999999998,1.450091329165613
2018-01-09,25.412294582741914,,,,,,2.55,1.3851031318483278
2018-01-10,25.385241074916234,,,,,,2.55,1.3892968420068463
2018-01-11,25.560212810347494,,,,,,2.54,1.3723304935676115
2018-01-12,25.732619517544947,,,,,,2.55,1.3361181595530245
2018-01-16,25.642658908862245,,,,,,2.54,1.3597515957847666
2018-01-17,25.884849936037742,,,,,,2.5700000000000003,1.293263656042166
2018-01-18,25.845180118302267,,,,,,2.62,1.2491933870170628
2018-01-19,25.960971649933036,,,,,,2.64,1.2119359501807376
2018-01-22,26.170260614941036,,,,,,2.6599999999999997,1.1611312249182704
2018-01-23,26.367623787996024,,,,,,2.63,1.1625298390189198
2018-01-24,26.401968072715636,,,,,,2.65,1.137596429348847
2018-01-25,26.42199680242602,,,,,,2.63,1.1547253085284677
2018-01-26,26.735337239967897,,,,,,2.6599999999999997,1.0803680044291855
2018-01-29,26.56536779388827,,,,,,2.7,1.0642994735049887
2018-01-30,26.321267030597628,,,,,,2.73,1.0692092053833582
2018-01-31,26.451483137423928,,,,,,2.7199999999999998,1.0605063512116875
2018-02-01,26.436350148271256,,,,,,2.78,1.0026704306433647
2018-02-02,25.506199547900867,,,,,,2.8400000000000003,1.0806154492831874
2018-02-05,24.584178759437844,,,,,,2.77,1.2976567225826119
2018-02-06,25.422673637451,,,,,,2.79,1.1434965875771077
2018-02-07,25.127646631771597,,,,,,2.8400000000000003,1.1396802886251667
2018-02-08,24.081955584366167,,,,,,2.85,1.302486688619228
2018-02-09,24.375681298382908,,,,,,2.83,1.2724494362187952
2018-02-12,24.679763506966633,,,,,,2.86,1.1919026842283915
2018-02-13,25.02753721809121,,,,,,2.83,1.1655988928752756
2018-02-14,25.339653978906753,,,,,,2.91,1.0363838015800075
2018-02-15,25.700255089650337,,,,,,2.9000000000000004,0.9910119627672742
2018-02-16,25.65171387580171,,,,,,2.87,1.028374996858748
2018-02-20,25.236493803070786,,,,,,2.88,1.0825155847850767
2018-02-21,25.39394200510059,,,,,,2.94,0.9979470891094477
2018-02-22,24.943771399251844,,,,,,2.92,1.0890168563282847
2018-02-23,25.870875497327432,,,,,,2.88,0.9853504405110067
2018-02-26,25.515913677435996,,,,,,2.86,1.0591228369937271
2018-02-27,25.676950371751424,,,,,,2.9000000000000004,0.994543493374326
2018-02-28,25.07017463212215,,,,,,2.87,1.1188034873068275
2018-03-01,24.303945599011385,,,,,,2.81,1.304558255268137
2018-03-02,24.474984895908346,,,,,,2.86,1.2258043600557111
2018-03-05,24.74064330034078,,,,,,2.88,1.161932086649606
2018-03-06,24.818519797846392,,,,,,2.88,1.1492491580693471
2018-03-07,24.815561684610046,,,,,,2.8899999999999997,1.139729460527076
2018-03-08,24.929484356394035,,,,,,2.86,1.151314416712014
2018-03-09,25.334507540481326,,,,,,2.9000000000000004,1.047185467892466
2018-03-12,25.3037661599984,,,,,,2.87,1.081980877774849
2018-03-13,25.140838372850745,,,,,,2.8400000000000003,1.1375920960531154
2018-03-14,24.991582416925525,,,,,,2.81,1.191347266921165
2018-03-15,24.840361491530633,,,,,,2.82,1.205706310034787
2018-03-16,24.819619714636932,,,,,,2.85,1.1790705961552974
2018-03-19,24.52241503994383,,,,,,2.85,1.2279017823943108
2018-03-20,24.553214099311074,,,,,,2.8899999999999997,1.1827865441781755
2018-03-21,24.608116920215863,,,,,,2.8899999999999997,1.173699807840591
2018-03-22,23.985416955236047,,,,,,2.83,1.3391999845835434
2018-03-23,23.411333714140206,,,,,,2.82,1.4514354176072009
2018-03-26,24.02790583381472,,,,,,2.85,1.311827530523653
2018-03-27,23.595104904771514,,,,,,2.78,1.4581672132247028
2018-03-28,23.511033702622534,,,,,,2.77,1.4833221322738148
2018-03-29,23.849637951137876,,,,,,2.74,1.4529357671959522
2018-04-02,23.357275030493525,,,,,,2.73,1.5513213386170865
2018-04-03,23.630833941526664,,,,,,2.79,1.4417592450374404
2018-04-04,23.885205876890968,,,,,,2.79,1.3966919847967647
2018-04-05,24.101790245337288,,,,,,2.83,1.3190693837295306
2018-04-06,23.56800367900239,,,,,,2.77,1.4730407497387534
2018-04-09,23.648025909871656,,,,,,2.78,1.4486827822806094
2018-04-10,24.039612677694493,,,,,,2.8000000000000003,1.3598007979881666
2018-04-11,23.906783864074292,,,,,,2.79,1.3929131249341369
2018-04-12,24.102322003033702,,,,,,2.83,1.3189778448488587
2018-04-13,24.032053563781282,,,,,,2.82,1.3411092341567534
2018-04-16,24.226654321614554,,,,,,2.83,1.2976850972683396
2018-04-17,24.48728886123688,,,,,,2.82,1.2637513930870043
2018-04-18,24.489692214187414,,,,,,2.87,1.213350624638223
2018-04-19,24.358523695668325,,,,,,2.92,1.185339110423305
2018-04-20,24.146951671340155,,,,,,2.96,1.1813094853993222
2018-04-23,24.124392268598424,,,,,,2.98,1.1651821412374086
2018-04-24,23.608421273609405,,,,,,3.0,1.2357766680394109
2018-04-25,23.571517218744958,,,,,,3.0300000000000002,1.2124082875953457
2018-04-26,23.809963519982073,,,,,,3.0,1.1999224365075927
2018-04-27,23.67209050218414,,,,,,2.96,1.2643839846241445
2018-04-30,23.40203757038067,,,,,,2.9499999999999997,1.3231321877103261
2018-05-01,23.37150469780879,,,,,,2.97,1.308714669551232
2018-05-02,23.025861159601366,,,,,,2.97,1.3729428895996718
2018-05-03,22.671886089081763,,,,,,2.94,1.470749048715343
2018-05-04,22.831926548862466,,,,,,2.9499999999999997,1.4298318896125832
2018-05-07,23.003078748460933,,,,,,2.9499999999999997,1.3972441708130359
2018-05-08,22.925961399191046,,,,,,2.97,1.3918672411935815
2018-05-09,23.143370440100913,,,,,,3.0,1.3208918190553733
2018-05-10,23.35588451550073,,,,,,2.97,1.3115762311905779
2018-05-11,23.41886675836982,,,,,,2.97,1.3000614436973277
2018-05-14,23.44036145965137,,,,,,3.0,1.266145817424067
2018-05-15,23.28253599443369,,,,,,3.08,1.2150647654494193
2018-05-16,23.37807107009263,,,,,,3.09,1.1875128752144635
2018-05-17,23.353990065886258,,,,,,3.11,1.1719235478768328
2018-05-18,23.28897004264822,,,,,,3.06,1.2338781670839771
2018-05-21,23.463992873029383,,,,,,3.06,1.2018492317624552
2018-05-22,23.351039204652356,,,,,,3.06,1.2224646527969703
2018-05-23,23.421212553635698,,,,,,3.01,1.2596337677221117
2018-05-24,23.470789381013837,,,,,,2.98,1.2806151150967566
2018-05-25,23.4162535298001,,,,,,2.93,1.3405379779364588
2018-05-29,23.091538174686857,,,,,,2.77,1.5605906797331008
2018-05-30,23.379270440136505,,,,,,2.8400000000000003,1.4372934363394152
2018-05-31,23.22406875583404,,,,,,2.83,1.4758777103766256
2018-06-01,23.464630221115094,,,,,,2.8899999999999997,1.3717334710867553
2018-06-04,23.593179271366942,,,,,,2.94,1.2985131249081632
2018-06-05,23.60187791725156,,,,,,2.92,1.3169509896882392
2018-06-06,23.80256356972004,,,,,,2.97,1.2312281453251956
2018-06-07,23.77671265505143,,,,,,2.93,1.2757958747612954
2018-06-08,23.84939976523445,,,,,,2.93,1.2629776423879302
2018-06-11,23.874126873934376,,,,,,2.96,1.2286348568072398
2018-06-12,23.91758754610536,,,,,,2.96,1.221023684233721
2018-06-13,23.822143715864737,,,,,,2.98,1.2177750278369532
2018-06-14,23.81331551800437,,,,,,2.94,1.2593312491237811
2018-06-15,23.781773459446253,,,,,,2.93,1.2749008737941465
2018-06-18,23.741733379825757,,,,,,2.92,1.2919923764696035
2018-06-19,23.644266961864478,,,,,,2.8899999999999997,1.339355055129798
2018-06-20,23.735279723090137,,,,,,2.93,1.283137623262054
2018-06-21,23.58664163611113,,,,,,2.9000000000000004,1.3396879361960572
2018-06-22,23.56718737537415,,,,,,2.9000000000000004,1.343187717194123
2018-06-25,23.238776533132334,,,,,,2.87,1.4331525285948903
2018-06-26,23.289676427419828,,,,,,2.88,1.4137479321209536
2018-06-27,23.07975710758776,,,,,,2.83,1.502801230699423
2018-06-28,23.20773143910771,,,,,,2.8400000000000003,1.4689088764397034
2018-06-29,23.218388637685653,,,,,,2.85,1.4569310950239882
2018-07-02,23.29494919495407,,,,,,2.87,1.422776050426461
2018-07-03,23.17581684389765,,,,,,2.83,1.484842521994243
2018-07-05,23.37766571106431,,,,,,2.8400000000000003,1.4375870455137636
2018-07-06,23.572432903657585,,,,,,2.82,1.4222434887696145
2018-07-09,23.78365354197508,,,,,,2.86,1.3445684790821937
2018-07-10,23.87164284316541,,,,,,2.87,1.3190707169586604
2018-07-11,23.70720586898566,,,,,,2.85,1.3681267819006213
2018-07-12,23.919690874132854,,,,,,2.85,1.3306560346539276
2018-07-13,23.94820233025105,,,,,,2.83,1.3456787679082423
2018-07-16,23.920313935921392,,,,,,2.85,1.3305471394683042
2018-07-17,24.01823325681699,,,,,,2.86,1.3035035737533875
2018-07-18,24.056935732088633,,,,,,2.88,1.2768053850937386
2018-07-19,23.92900068013542,,,,,,2.8400000000000003,1.339029510539262
2018-07-20,23.92252828062018,,,,,,2.8899999999999997,1.2901601748344786
2018-07-23,23.962678610321415,,,,,,2.96,1.2131561661444277
2018-07-24,24.096415286865852,,,,,,2.9499999999999997,1.1999948772258526
2018-07-25,24.270699897451113,,,,,,2.94,1.1801943257722827
2018-07-26,24.125571058361597,,,,,,2.98,1.1649796051704793
2018-07-27,23.796948189440087,,,,,,2.96,1.242219511675664
2018-07-30,23.60353368041677,,,,,,2.98,1.2566537720141189
2018-07-31,23.531026814947392,,,,,,2.96,1.289708301572201
2018-08-01,23.35327016630296,,,,,,3.0,1.2820555445931765
2018-08-02,23.2887206591076,,,,,,2.98,1.3139241473916115
2018-08-03,23.234764764597568,,,,,,2.9499999999999997,1.3538955209208043
2018-08-06,23.17089377704713,,,,,,2.94,1.3757592867245827
2018-08-07,23.200899802198027,,,,,,2.98,1.3301776591667411
2018-08-08,23.201101862593244,,,,,,2.96,1.350140121458126
2018-08-09,23.130469302722805,,,,,,2.93,1.393301818533725
2018-08-10,22.96658199415325,,,,,,2.87,1.4841524823091934
2018-08-13,22.865179641876228,,,,,,2.88,1.4934622498594283
2018-08-14,23.001029414521295,,,,,,2.8899999999999997,1.457631499347884
2018-08-15,22.82240912946537,,,,,,2.86,1.5216583706271751
2018-08-16,22.997406572009194,,,,,,2.87,1.4783163932803136
2018-08-17,23.06999571543753,,,,,,2.87,1.464634528479082
2018-08-20,23.12391122816666,,,,,,2.82,1.5045279318575013
2018-08-21,23.14426608080022,,,,,,2.85,1.470724608457425
2018-08-22,23.158447527033783,,,,,,2.82,1.4980787435455682
2018-08-23,23.11174908228988,,,,,,2.82,1.5068036375761893
2018-08-24,23.243693296295227,,,,,,2.82,1.4822422781640658
2018-08-27,23.41432745850723,,,,,,2.85,1.4208892739802592
2018-08-28,23.424416121174612,,,,,,2.88,1.389049844516915
2018-08-29,23.559950359552918,,,,,,2.8899999999999997,1.354491116232456
2018-08-30,23.44097589574822,,,,,,2.86,1.4060339929848333
2018-08-31,23.431139108405173,,,,,,2.86,1.4078249459979602
2018-09-04,23.382031717279162,,,,,,2.9000000000000004,1.376788313741815
2018-09-05,23.311184531702995,,,,,,2.9000000000000004,1.3897862982467029
2018-09-06,23.26718183897118,,,,,,2.88,1.4178991049318146
2018-09-07,23.215203001719697,,,,,,2.94,1.3675221006076224
2018-09-10,23.26031990517293,,,,,,2.94,1.3591670109300904
2018-09-11,23.34937954206513,,,,,,2.98,1.3027690483100316
2018-09-12,23.32902986934072,,,,,,2.97,1.3165048636857875
2018-09-13,23.42762892214315,,,,,,2.97,1.298464398694771
2018-09-14,23.433708931546565,,,,,,2.9899999999999998,1.2773569212673608
2018-09-17,23.29392654107526,,,,,,2.9899999999999998,1.3029645126022609
2018-09-18,23.420456459423352,,,,,,3.05,1.2197716064267583
2018-09-19,23.440549326563474,,,,,,3.08,1.1861116259198434
2018-09-20,23.62607069775594,,,,,,3.0700000000000003,1.1626124085245468
2018-09-21,23.612853767928357,,,,,,3.0700000000000003,1.1649815478814682
2018-09-24,23.52980337057206,,,,,,3.08,1.1699292673676425
2018-09-25,23.505512335263393,,,,,,3.1,1.1543212236211589
2018-09-26,23.42509216625153,,,,,,3.06,1.2089266403002559
2018-09-27,23.485786332512266,,,,,,3.06,1.1978944806955947
2018-09-28,23.48075348631851,,,,,,3.05,1.2088071144423385
2018-10-01,23.592109211441965,,,,,,3.09,1.1487053698234355
2018-10-02,23.573936674423575,,,,,,3.05,1.1919728779747896
2018-10-03,23.588870219531266,,,,,,3.15,1.0892873872018405
2018-10-04,23.381593109146415,,,,,,3.19,1.086868540701873
2018-10-05,23.247322492374852,,,,,,3.2300000000000004,1.0715706446538134
2018-10-08,23.23997644232631,,,,,,,
2018-10-09,23.20476143030612,,,,,,3.2099999999999995,1.099460379514912
2018-10-10,22.437714989850598,,,,,,3.2199999999999998,1.2367818088978169
2018-10-11,21.928405449372384,,,,,,3.1399999999999997,1.420295103575902
2018-10-12,22.2451990752546,,,,,,3.15,1.3453519931066515
2018-10-15,22.07417045431848,,,,,,3.16,1.370181562516498
2018-10-16,22.54970197237226,,,,,,3.16,1.2746484100995792
2018-10-17,22.53099121409395,,,,,,3.19,1.2483311435249411
2018-10-18,22.18685077586264,,,,,,3.17,1.3371741370700203
2018-10-19,22.152703500163355,,,,,,3.2,1.3141217187898802
2018-10-22,22.07709156626909,,,,,,3.2,1.329582155322802
2018-10-23,21.94510895022816,,,,,,3.17,1.3868240388690491
2018-10-24,21.17624575205111,,,,,,3.1,1.6222723598357418
2018-10-25,21.51096623876139,,,,,,3.1399999999999997,1.5087916391131877
2018-10-26,20.9642108162333,,,,,,3.08,1.6900340774367049
2018-10-29,20.77710273598758,,,,,,3.08,1.732990592128715
2018-10-30,21.40640166777443,,,,,,3.1199999999999997,1.5514997481590638
2018-10-31,21.34553117811813,,,,,,3.15,1.5348213410829827
2018-11-01,21.53279875051839,,,,,,3.1399999999999997,1.5040781413792095
2018-11-02,21.319091793671195,,,,,,3.2199999999999998,1.4706313349467397
2018-11-05,21.03702078235633,,,,,,3.2,1.5535247996650563
2018-11-06,21.0693188673284,,,,,,3.2199999999999998,1.5262379125633343
2018-11-07,21.3557391304556,,,,,,3.2199999999999998,1.4625820164374064
2018-11-08,21.19388426612294,,,,,,3.2399999999999998,1.4783422700785231
2018-11-09,21.130340684098133,,,,,,3.19,1.5425313630771735
2018-11-12,20.713027733599283,,,,,,,
2018-11-13,20.64892602031588,,,,,,3.1399999999999997,1.7028668833242415
2018-11-14,20.492631164335418,,,,,,3.1199999999999997,1.7598028519654485
2018-11-15,20.696346716740813,,,,,,3.11,1.7217706196481637
2018-11-16,20.71604571418101,,,,,,3.08,1.747176063409909
2018-11-19,20.362896871495725,,,,,,3.06,1.850892621569057
2018-11-20,19.951266869214844,,,,,,3.06,1.9522130416841725
2018-11-21,20.014524067380172,,,,,,3.06,1.9363716180981183
2018-11-23,19.88564322712971,,,,,,3.05,1.9787536016723557
2018-11-26,20.195719897604132,,,,,,3.0700000000000003,1.8815442136758511
2018-11-27,20.254491147248547,,,,,,3.06,1.8771766129797052
2018-11-28,20.72317896686416,,,,,,3.06,1.7655144714957811
2018-11-29,20.691340092630853,,,,,,3.0300000000000002,1.8029397493019141
2018-11-30,20.859944975301513,,,,,,3.01,1.7838764995977456
2018-12-03,21.100670774612194,,,,,,2.98,1.7591858329128347
2018-12-04,20.40865029911796,,,,,,2.91,1.9898830659723687
2018-12-06,20.380939284147125,,,,,,2.87,2.036545209021983
2018-12-07,19.90333655518532,,,,,,2.85,2.1742832262185448
2018-12-10,19.94204854862721,,,,,,2.85,2.164529964469668
2018-12-11,19.93338241949486,,,,,,2.8899999999999997,2.12671005429565
2018-12-12,20.060303139263407,,,,,,2.91,2.0749695343971704
2018-12-13,20.041435032095638,,,,,,2.91,2.0796626583801805
2018-12-14,19.661148664087182,,,,,,2.8899999999999997,2.1961728227841952
2018-12-17,19.24170796110158,,,,,,2.86,2.337043848818244
2018-12-18,19.218061027224458,,,,,,2.82,2.3834385705373298
2018-12-19,18.899897988239793,,,,,,2.77,2.5210338490833997
2018-12-20,18.591972958386766,,,,,,2.79,2.5886653102295094
2018-12-21,18.194861156274868,,,,,,2.79,2.706057328555814
2018-12-24,17.72588096444533,,,,,,2.74,2.901468551017608
2018-12-26,18.610317430888337,,,,,,2.81,2.563363478154636
2018-12-27,18.768752550157238,,,,,,2.77,2.55800460407595
2018-12-28,18.747456799393714,,,,,,2.7199999999999998,2.614056830750183
2018-12-31,18.90587398935954,,,,,,2.69,2.5993613940451117
2019-01-02,18.9240400017592,,,,,,2.6599999999999997,2.6242839050595905
2019-01-03,18.45807772641089,,,,,,2.56,2.8576822463432463
2019-01-04,19.091177787393868,,,,,,2.67,2.568021515154041
2019-01-07,19.22829488469822,,,,,,2.7,2.5006691492743593
2019-01-08,19.41107126467511,,,,,,2.73,2.42169918426827
2019-01-09,19.49132460032347,,,,,,2.74,2.390487642606929
2019-01-10,19.576964873269453,,,,,,2.74,2.368044104249316
2019-01-11,19.57107099009823,,,,,,2.71,2.3995824061235025
2019-01-14,19.470309353758147,,,,,,2.71,2.426025226055182
2019-01-15,19.682038289303946,,,,,,2.7199999999999998,2.3607745889989573
2019-01-16,19.72707191842367,,,,,,2.73,2.339176024375274
2019-01-17,19.876813702938346,,,,,,2.75,2.2809874356379973
2019-01-18,20.14773013783378,,,,,,2.79,2.1733382676799984
2019-01-22,19.86204682672515,,,,,,2.74,2.2947278340642177
2019-01-23,19.855542074506005,,,,,,2.76,2.276377230334969
2019-01-24,19.87713620128651,,,,,,2.7199999999999998,2.3109058099389435
2019-01-25,20.04135497417859,,,,,,2.76,2.22968259026601
2019-01-28,19.87761194063287,,,,,,2.75,2.280785403129072
2019-01-29,19.85915113335774,,,,,,2.7199999999999998,2.3154619554724256
2019-01-30,19.73275299394281,,,,,,2.7,2.3677166045050138
2019-01-31,20.21621964358428,,,,,,2.63,2.3165232255594086
2019-02-01,20.100529975354362,,,,,,2.7,2.274993202796736
2019-02-04,20.228509627157333,,,,,,2.73,2.21351792807055
2019-02-05,20.147155334630398,,,,,,2.71,2.253479872918472
2019-02-06,19.9908189573392,,,,,,2.7,2.302296314793404
2019-02-07,19.760094737764803,,,,,,2.65,2.410704481789933
2019-02-08,19.857188351186984,,,,,,2.63,2.405959685300683
2019-02-11,19.817169111437657,,,,,,2.65,2.3961294162486664
2019-02-12,20.04926650087326,,,,,,2.68,2.3077136400797724
2019-02-13,19.90743602893855,,,,,,2.71,2.313248591864591
2019-02-14,19.792964458546162,,,,,,2.6599999999999997,2.392300286267741
2019-02-15,20.234020101456153,,,,,,2.6599999999999997,2.2821716247481363
2019-02-19,19.961233741334937,,,,,,2.65,2.359710386433878
2019-02-20,19.945256054732432,,,,,,2.65,2.3637235503814398
2019-02-21,19.821634968122247,,,,,,2.69,2.354992512515896
2019-02-22,19.496148942917184,,,,,,2.65,2.4792180980351666
2019-02-25,20.431523254617304,,,,,,2.67,2.2243976792039275
2019-02-26,19.963968660511043,,,,,,2.64,2.369024092379044
2019-02-27,19.94231849248668,,,,,,2.69,2.3244620866262493
2019-02-28,20.310894344524613,,,,,,2.73,2.193466111523439
2019-03-01,20.410878073895173,,,,,,2.76,2.1393482611557335
2019-03-04,20.356465534090535,,,,,,2.7199999999999998,2.192444148643199
2019-03-05,20.36336169644274,,,,,,2.7199999999999998,2.19078052291675
2019-03-06,20.232375487555885,,,,,,2.69,2.252573355338623
2019-03-07,20.066225768856828,,,,,,2.64,2.3434982000054014
2019-03-08,20.00671352111926,,,,,,2.62,2.3783221829232044
2019-03-11,20.389483564713395,,,,,,2.64,2.264489105014056
2019-03-12,20.448220072717387,,,,,,2.6100000000000003,2.2804012009056436
2019-03-13,20.582385600355828,,,,,,2.6100000000000003,2.248523299566946
2019-03-14,20.56309960472518,,,,,,2.63,2.2330800765571874
2019-03-15,20.758489065989984,,,,,,2.59,2.2273062924814058
2019-03-18,20.655721775209507,,,,,,2.6,2.2412735748608674
2019-03-19,20.676194442989065,,,,,,2.6100000000000003,2.226479956489684
2019-03-20,20.614822063907628,,,,,,2.54,2.3108786391651526
2019-03-21,20.86760795240371,,,,,,2.54,2.252116098217244
2019-03-22,20.476580037545798,,,,,,2.44,2.44362801877268
2019-03-25,20.457143861608227,,,,,,2.4299999999999997,2.45826791640593
2019-03-26,20.608226927246037,,,,,,2.41,2.4424310389745605
2019-03-27,20.567988676482656,,,,,,2.39,2.471924108035879
2019-03-28,20.5888598910602,,,,,,2.39,2.466995507722143
2019-03-29,20.724481252745807,,,,,,2.41,2.415211245601185
2019-04-01,20.964988345669767,,,,,,2.4899999999999998,2.279857170974989
2019-04-02,20.932215236109805,,,,,,2.48,2.2973252315642028
2019-04-03,20.986800441988418,,,,,,2.52,2.244899741455081
2019-04-04,20.996520345049504,,,,,,2.5100000000000002,2.2526939300719744
2019-04-05,21.09426232266079,,,,,,2.5,2.2406256009518613
2019-04-08,21.114231506893177,,,,,,2.52,2.2161420645289858
2019-04-09,20.988825363849067,,,,,,2.5100000000000002,2.2544400420920625
2019-04-10,21.057629571280565,,,,,,2.48,2.2688725956308464
2019-04-11,21.06046166822508,,,,,,2.5100000000000002,2.2382339929363826
2019-04-12,21.197440147774497,,,,,,2.56,2.1575507656993635
2019-04-15,21.18573103648489,,,,,,2.55,2.1701581020633913
2019-04-16,21.198388701355793,,,,,,2.6,2.117339671840448
2019-04-17,21.14548045372613,,,,,,2.59,2.1391429588859783
2019-04-18,21.177461174052066,,,,,,2.5700000000000003,2.152001338032256
2019-04-22,21.191376809151713,,,,,,2.59,2.1289005651022155
2019-04-23,21.445354028298276,,,,,,2.5700000000000003,2.0930146496087083
2019-04-24,21.334875891545188,,,,,,2.53,2.1571610834928303
2019-04-25,21.356590487251953,,,,,,2.54,2.1423953504980764
2019-04-26,21.411319379717256,,,,,,2.5100000000000002,2.1604268068005683
2019-04-29,21.425962222415077,,,,,,2.54,2.127234962982599
2019-04-30,21.38370718681897,,,,,,2.5100000000000002,2.1664576004688523
2019-05-01,21.212270850622676,,,,,,2.52,2.1942524581268272
2019-05-02,21.095022918365125,,,,,,2.55,2.190454674402888
2019-05-03,21.326620334241404,,,,,,2.54,2.1489754885092083
2019-05-06,20.83588476475094,,,,,,2.5100000000000002,2.289412222185773
2019-05-07,20.563125951926757,,,,,,2.45,2.413073845571132
2019-05-08,20.48817840022663,,,,,,2.4899999999999998,2.3908633957860235
2019-05-09,20.40963034294351,,,,,,2.45,2.4496477799792347
2019-05-10,20.577161623724393,,,,,,2.4699999999999998,2.389756745298886
2019-05-13,20.080296982230927,,,,,,2.4,2.5800060272260956
2019-05-14,20.23947134362487,,,,,,2.42,2.5208405141717547
2019-05-15,20.35648366509605,,,,,,2.37,2.542439773253352
2019-05-16,20.538347503063964,,,,,,2.4,2.4689408914267195
2019-05-17,20.41572095108972,,,,,,2.39,2.5081860713893787
2019-05-20,20.278062639930003,,,,,,2.41,2.5214375724970726
2019-05-21,20.43619783641237,,,,,,2.4299999999999997,2.4632781332652867
2019-05-22,20.382086784157945,,,,,,2.39,2.5162689732891033
2019-05-23,20.140172284121356,,,,,,2.31,2.6552008229761106
2019-05-24,20.180297648895774,,,,,,2.32,2.635328297918926
2019-05-28,20.016790535707734,,,,,,2.26,2.735805887143151
2019-05-29,19.875362262551796,,,,,,2.25,2.7813548341413226
2019-05-30,19.920260296207477,,,,,,2.22,2.800014724357719
2019-05-31,19.660125066323364,,,,,,2.1399999999999997,2.9464376326524047
2019-06-03,19.579443378179338,,,,,,2.07,3.0373974917717423
2019-06-04,19.99408894829374,,,,,,2.12,2.8814781998123413
2019-06-05,20.149370378058716,,,,,,2.12,2.842934231875213
2019-06-06,20.27454312013387,,,,,,2.12,2.81229363579068
2019-06-07,20.798719080042414,,,,,,2.09,2.7179883965525473
2019-06-10,20.90182487461561,,,,,,2.15,2.6342712586041137
2019-06-11,20.895421303445126,,,,,,2.15,2.635737437297449
2019-06-12,20.85252753077243,,,,,,2.13,2.6655817275593234
2019-06-13,20.941898566654825,,,,,,2.1,2.6751162427664075
2019-06-14,20.966782281409788,,,,,,2.09,2.679449057935088
2019-06-17,20.989051836416095,,,,,,2.09,2.6743886336256297
2019-06-18,21.18668743034042,,,,,,2.06,2.659945028159281
2019-06-19,21.2497549755977,,,,,,2.03,2.6759366150261816
2019-06-20,21.451558020420677,,,,,,2.01,2.651666061961823
2019-06-21,21.42032539249101,,,,,,2.07,2.5984631613978864
2019-06-24,21.38305798574694,,,,,,2.02,2.656599580221681
2019-06-25,21.17964978620246,,,,,,2.0,2.721513387116781
2019-06-26,21.204986380578152,,,,,,2.0500000000000003,2.665871927726912
2019-06-27,21.289369740248134,,,,,,2.01,2.6871799174940945
2019-06-28,21.41793273797996,,,,,,2.0,2.668984687895305
2019-07-01,21.58205299188159,,,,,,2.03,2.603479495097917
2019-07-02,21.647553818644194,,,,,,1.9800000000000002,2.6394595859544134
2019-07-03,21.813775702703307,,,,,,1.96,2.624259110521951
2019-07-05,21.776546986811844,,,,,,2.04,2.552096261200698
2019-07-08,21.651869830332902,,,,,,2.0500000000000003,2.568538758251092
2019-07-09,21.676411346823944,,,,,,2.07,2.5433097587046913
2019-07-10,21.778242739512944,,,,,,2.07,2.521738699769697
2019-07-11,21.818215698895248,,,,,,2.13,2.453326216041738
2019-07-12,21.92064048979518,,,,,,2.12,2.4419104992189204
2019-07-15,21.92619622744224,,,,,,2.09,2.470754586098371
2019-07-16,21.90955608532192,,,,,,2.13,2.4342184447084243
2019-07-17,21.758029228359604,,,,,,2.06,2.5360044887548514
2019-07-18,21.828342954653532,,,,,,2.04,2.5411997826743526
2019-07-19,21.68197500019372,,,,,,2.0500000000000003,2.5621259709554383
2019-07-22,21.739886145787874,,,,,,2.0500000000000003,2.5498400971099424
2019-07-23,21.863226830291747,,,,,,2.08,2.493890248508462
2019-07-24,22.00940398447992,,,,,,2.0500000000000003,2.493512403630542
2019-07-25,21.9297237839383,,,,,,2.08,2.480020955359305
2019-07-26,21.99242134293733,,,,,,2.08,2.4670209232833793
2019-07-29,21.87390337497814,,,,,,2.06,2.5116577551673456
2019-07-30,21.797209170497702,,,,,,2.06,2.5277432848306547
2019-07-31,21.61416188046144,,,,,,2.02,2.606596235979755
2019-08-01,21.244011531886894,,,,,,1.9,2.807208892722626
2019-08-02,20.99623167140962,,,,,,1.8599999999999999,2.9027594115456963
2019-08-05,20.374554610344966,,,,,,1.7500000000000002,3.158082748921837
2019-08-06,20.80407351049832,,,,,,1.73,3.0767509446905765
2019-08-07,20.72162457422732,,,,,,1.71,3.115876448141801
2019-08-08,21.07692633475105,,,,,,1.72,3.024524814091264
2019-08-09,20.949932460931695,,,,,,1.7399999999999998,3.033285077958326
2019-08-12,20.69723778675503,,,,,,1.6500000000000001,3.1815625993336125
2019-08-13,21.002125084036255,,,,,,1.68,3.081422932196997
2019-08-14,20.389378557107193,,,,,,1.59,3.3145143636877874
2019-08-15,20.4492814347027,,,,,,1.52,3.3701473784941256
2019-08-16,20.740432732108708,,,,,,1.55,3.2715001727127833
2019-08-19,20.99533822308616,,,,,,1.6,3.1629620888908323
2019-08-20,20.81032168434122,,,,,,1.55,3.255307746647918
2019-08-21,20.978409462320645,,,,,,1.59,3.1768056141057865
2019-08-22,20.99659108516273,,,,,,1.6199999999999999,3.142677883966847
2019-08-23,20.468853158306793,,,,,,1.52,3.36547156143027
2019-08-26,20.69453800850063,,,,,,1.54,3.292192917712071
2019-08-27,20.64498833084497,,,,,,1.49,3.3537905799439676
2019-08-28,20.82418308708127,,,,,,1.47,3.332109143097054
2019-08-29,21.081953517267845,,,,,,1.5,3.243393439231892
2019-08-30,21.10755166720695,,,,,,1.5,3.2376408963319845
2019-09-03,20.969302239812322,,,,,,1.47,3.2988758956480675
2019-09-04,21.195548235315417,,,,,,1.47,3.247971853796302
2019-09-05,21.498088299942093,,,,,,1.5699999999999998,3.08157639157475
2019-09-06,21.43569835231928,,,,,,1.55,3.115115097086645
2019-09-09,21.43661912578577,,,,,,1.63,3.0349147150126665
2019-09-10,21.440507152031806,,,,,,1.72,2.9440687783601946
2019-09-11,21.593992041239567,,,,,,1.7500000000000002,2.8809177019711294
2019-09-12,21.656575536835625,,,,,,1.79,2.8275352067971324
2019-09-13,21.650145995995207,,,,,,1.9,2.718906496912204
2019-09-16,21.575971832870387,,,,,,1.8399999999999999,2.7947854351409935
2019-09-17,21.62791204151385,,,,,,1.81,2.8136548312224634
2019-09-18,21.634237113118136,,,,,,1.7999999999999998,2.8223030411071903
2019-09-19,21.635103721835396,,,,,,1.79,2.8321178916315626
2019-09-20,21.528392685921652,,,,,,1.7399999999999998,2.905028612163617
2019-09-23,21.525994806426883,,,,,,1.72,2.925546043249236
2019-09-24,21.344666173475694,,,,,,1.6400000000000001,3.0450111961116852
2019-09-25,21.478696412393507,,,,,,1.73,2.925776034075262
2019-09-26,21.426753139881498,,,,,,1.7000000000000002,2.9670626831402904
2019-09-27,21.314192070704234,,,,,,1.69,3.001709620907809
2019-09-30,21.421276497936745,,,,,,1.68,2.9882558814658786
2019-10-01,21.16034072012892,,,,,,1.6500000000000001,3.075821825017888
2019-10-02,20.78127116667386,,,,,,1.6,3.2120251739155505
2019-10-03,20.938727025677327,,,,,,1.54,3.23583951867605
2019-10-04,21.231551025489892,,,,,,1.52,3.1899714891268816
2019-10-07,21.13598889348773,,,,,,1.5599999999999998,3.1712666799712075
2019-10-08,20.810095888293617,,,,,,1.54,3.2653598857395645
2019-10-09,21.000246090710757,,,,,,1.59,3.1718489596764288
2019-10-10,21.131105656451915,,,,,,1.67,3.0623600395451724
2019-10-11,21.359168238303933,,,,,,1.76,2.9218302512673455
2019-10-14,21.32941195482465,,,,,,,
2019-10-15,21.539683365588587,,,,,,1.77,2.87259377924553
2019-10-16,21.495075185347424,,,,,,1.7500000000000002,2.902228435477496
2019-10-17,21.633571378614462,,,,,,1.76,2.8624452842240133
2019-10-18,21.540808263633004,,,,,,1.76,2.8823513350159837
2019-10-21,21.689869262657723,,,,,,1.7999999999999998,2.810447337834563
2019-10-22,21.598102658971907,,,,,,1.78,2.850036331383939
2019-10-23,21.858012516259997,,,,,,1.77,2.8049813678444377
2019-10-24,21.88990915556181,,,,,,1.77,2.798314984285437
2019-10-25,22.021171037612678,,,,,,1.7999999999999998,2.7410845694444523
2019-10-28,22.212233030563763,,,,,,1.8499999999999999,2.652023721001001
2019-10-29,22.217931049522832,,,,,,1.8399999999999999,2.660869130303097
2019-10-30,22.063145923254794,,,,,,1.78,2.7524452073989556
2019-10-31,22.058920666495844,,,,,,1.69,2.843313370671161
2019-11-01,22.253539284489143,,,,,,1.73,2.7636672194746397
2019-11-04,22.266875738660147,,,,,,1.79,2.700975796230731
2019-11-05,22.291431125399832,,,,,,1.8599999999999999,2.6260287093032635
2019-11-06,22.420309731739195,,,,,,1.81,2.6502416824971653
2019-11-07,22.57148681827487,,,,,,1.92,2.5103683140197743
2019-11-08,22.62184286656309,,,,,,1.94,2.480506348216576
2019-11-11,22.576627261510886,,,,,,,
2019-11-12,22.699397130095406,,,,,,1.92,2.4854033429556415
2019-11-13,22.715671640704496,,,,,,1.8800000000000001,2.522247117395761
2019-11-14,22.76404974965728,,,,,,1.82,2.572891471409015
2019-11-15,22.932699928882418,,,,,,1.8399999999999999,2.5205855529490337
2019-11-18,22.94311682794156,,,,,,1.81,2.548605709500366
2019-11-19,22.943722145774036,,,,,,1.79,2.5684907176196266
2019-11-20,22.880561367869237,,,,,,1.73,2.640522138518341
2019-11-21,22.936404347160195,,,,,,1.77,2.589881282454859
2019-11-22,22.986613501760367,,,,,,1.77,2.5803580896047076
2019-11-25,23.153191363994747,,,,,,1.76,2.5590590198942866
2019-11-26,23.207099699374798,,,,,,1.7399999999999998,2.5690261728265003
2019-11-27,23.299100437782474,,,,,,1.77,2.5220111987601546
2019-11-29,23.20626829012744,,,,,,1.78,2.5291805519865784
2019-12-02,23.007992232913253,,,,,,1.83,2.516315792690012
2019-12-03,22.849644323033186,,,,,,1.72,2.6564357373036547
2019-12-04,22.953018188268768,,,,,,1.77,2.58672551556247
2019-12-05,23.001252527935243,,,,,,1.7999999999999998,2.547589327083342
2019-12-06,23.21552040649831,,,,,,1.8399999999999999,2.4674632077603036
2019-12-09,23.16253408881896,,,,,,1.83,2.487316905677954
2019-12-10,23.14172851793256,,,,,,1.8499999999999999,2.4711983894163243
2019-12-11,23.208501658392592,,,,,,1.79,2.5187658769146903
2019-12-12,23.421898124380682,,,,,,1.9,2.3695087933930714
2019-12-13,23.39867016718915,,,,,,1.82,2.4537471525294317
2019-12-16,23.562951492889567,,,,,,1.8900000000000001,2.353950509772781
2019-12-17,23.572106078151947,,,,,,1.8900000000000001,2.352302307161516
2019-12-18,23.550956332235316,,,,,,1.92,2.326112072447998
2019-12-19,23.658751598564876,,,,,,1.92,2.3067657100751644
2019-12-20,23.836677483811652,,,,,,1.92,2.2752155483042307
2019-12-23,23.863518530532694,,,,,,1.9300000000000002,2.2604968821782436
2019-12-24,23.857957053203823,,,,,,1.9,2.2914737199416355
2019-12-26,23.985536271335043,,,,,,1.9,2.269179244889736
2019-12-27,23.984367610204078,,,,,,1.8800000000000001,2.2893823921150753
2019-12-30,23.846086656886502,,,,,,1.9,2.2935602029325444
2019-12-31,23.91367533208927,,,,,,1.92,2.2617076886467578
2020-01-02,24.117208936256617,,,,,,1.8800000000000001,2.266416787461046
2020-01-03,23.947383226361385,,,,,,1.7999999999999998,2.375821594148941
2020-01-06,24.03551703324874,,,,,,1.81,2.350509626719005
2020-01-07,23.964576816456333,,,,,,1.83,2.342825615319466
2020-01-08,24.079607182026532,,,,,,1.87,2.282891666548525
2020-01-09,24.242146775740185,,,,,,1.8499999999999999,2.275047213230838
2020-01-10,24.166202838640356,,,,,,1.83,2.3080104548367775
2020-01-13,24.336370659518703,,,,,,1.8499999999999999,2.2590761395387826
2020-01-14,24.297322970968875,,,,,,1.82,2.2956797446156028
2020-01-15,24.343532884768408,,,,,,1.79,2.3178671889308786
2020-01-16,24.546921634838423,,,,,,1.81,2.263830579964625
2020-01-17,24.63861543166153,,,,,,1.8399999999999999,2.218669622786364
2020-01-21,24.568502359278586,,,,,,1.78,2.2902521683106913
2020-01-22,24.580341033697614,,,,,,1.77,2.2982918053459174
2020-01-23,24.61069431111553,,,,,,1.7399999999999998,2.3232742309441696
2020-01-24,24.350237718079278,,,,,,1.7000000000000002,2.4067360884839815
2020-01-27,23.969595365625135,,,,,,1.6099999999999999,2.561951944729542
2020-01-28,24.212250585707828,,,,,,1.6500000000000001,2.4801406346351245
2020-01-29,24.116659313523712,,,,,,1.6,2.546511284998904
2020-01-30,24.18558938813411,,,,,,1.5699999999999998,2.564693531556515
2020-01-31,23.843479545020134,,,,,,1.51,2.6840187383802236
2020-02-03,24.0092497954831,,,,,,1.54,2.625061418071179
2020-02-04,24.30962401076428,,,,,,1.6099999999999999,2.503597148015127
2020-02-05,24.650285530687896,,,,,,1.66,2.396748140929521
2020-02-06,24.744470994731,,,,,,1.6500000000000001,2.3913068447207317
2020-02-07,24.726685148287366,,,,,,1.59,2.454213747224676
2020-02-10,24.907024659252627,,,,,,1.5599999999999998,2.4549315852887847
2020-02-11,25.000075463738806,,,,,,1.59,2.4099879258382373
2020-02-12,25.165153345500023,,,,,,1.6199999999999999,2.3537488831110887
2020-02-13,25.28612368521804,,,,,,1.6099999999999999,2.344738228954357
2020-02-14,25.07448490040951,,,,,,1.59,2.3981178176612046
2020-02-18,24.867603020451362,,,,,,1.55,2.4712962993561955
2020-02-19,25.04459186901025,,,,,,1.5599999999999998,2.4328780042823652
2020-02-20,25.02032888157073,,,,,,1.52,2.4767500216856537
2020-02-21,24.707088138570896,,,,,,1.46,2.5874215107480563
2020-02-24,22.843548276477655,,,,,,1.38,2.997603636251707
2020-02-25,22.011621936791965,,,,,,1.3299999999999998,3.213054586670512
2020-02-26,21.904027801751795,,,,,,1.3299999999999998,3.235370392380638
2020-02-27,20.882652946388692,,,,,,1.3,3.488663598285454
2020-02-28,20.69007508856587,,,,,,1.13,3.703235238245406
2020-03-02,21.60422209606529,,,,,,1.0999999999999999,3.528724864766721
2020-03-03,21.013729119359457,,,,,,1.02,3.73879361687747
2020-03-04,21.87328681402869,,,,,,1.02,3.551786620374942
2020-03-05,21.163609116245254,,,,,,0.9199999999999999,3.805091994032326
2020-03-06,20.813282792132,,,,,,0.74,4.064624095041979
2020-03-09,19.24287209321882,,,,,,0.54,4.656729444314082
2020-03-10,20.191420569345986,,,,,,0.76,4.192598538401851
2020-03-11,19.20554601209788,,,,,,0.8200000000000001,4.386829315709556
2020-03-12,17.37475909438221,,,,,,0.88,4.875475483532491
2020-03-13,18.992861833419024,,,,,,0.9400000000000001,4.325135969348457
2020-03-16,16.734007822247133,,,,,,0.73,5.245854742164896
2020-03-17,17.759632094407667,,,,,,1.02,4.610747273840714
2020-03-18,16.860544421033236,,,,,,1.18,4.751006585721618
2020-03-19,16.940565090749196,,,,,,1.1199999999999999,4.7829908072315375
2020-03-20,16.173364281091658,,,,,,0.9199999999999999,5.263005481234995
2020-03-23,15.690728952015016,,,,,,0.76,5.613190200775084
2020-03-24,17.14047707124253,,,,,,0.84,4.994143331271403
2020-03-25,17.321838821064475,,,,,,0.88,4.893059144182403
2020-03-26,18.40724495269846,,,,,,0.83,4.602643519275829
2020-03-27,17.784833160497303,,,,,,0.72,4.902768518408962
2020-03-30,18.39274816227645,,,,,,0.7000000000000001,4.736925418524466
2020-03-31,18.099897556420412,,,,,,0.7000000000000001,4.824893148609446
2020-04-01,17.31089314457286,,,,,,0.62,5.156709449064505
2020-04-02,17.701540500359638,,,,,,0.63,5.019225839862261
2020-04-03,17.42625487011259,,,,,,0.62,5.118467659594945
2020-04-06,18.655291203608666,,,,,,0.67,4.690409489649568
2020-04-07,18.627197192936517,,,,,,0.75,4.618494195032212
2020-04-08,19.25143200142581,,,,,,0.77,4.424418783630941
2020-04-09,19.524686899940118,,,,,,0.73,4.391721055629665
2020-04-13,19.337530472376667,,,,,,0.76,4.411291139933732
2020-04-14,19.930824617386413,,,,,,0.76,4.25735386867868
2020-04-15,19.499798179776533,,,,,,0.63,4.498258204421375
2020-04-16,19.617535280261343,,,,,,0.61,4.487480319080523
2020-04-17,20.130478660428704,,,,,,0.65,4.317591764053482
2020-04-20,19.77042741243079,,,,,,0.63,4.428059591424125
2020-04-21,19.167488714266426,,,,,,0.58,4.637167542953588
2020-04-22,19.757315133171396,,,,,,0.63,4.431416458965407
2020-04-23,19.753461287435822,,,,,,0.61,4.452403927336266
2020-04-24,20.191991816856017,,,,,,0.6,4.352458425449702
2020-04-27,20.526185429080996,,,,,,0.67,4.201825812229215
2020-04-28,20.468465678619573,,,,,,0.62,4.265564046183268
2020-04-29,21.067244115283366,,,,,,0.63,4.11670533330244
2020-04-30,20.891584784432407,,,,,,0.64,4.14661628745925
2020-05-01,20.70585784957758,,,,,,0.64,4.189551169841539
2020-05-04,22.317184475396697,,,,,,0.64,3.840851969039542
2020-05-05,22.811526740105663,,,,,,0.66,3.7237486696665005
2020-05-06,22.91383410880349,,,,,,0.72,3.6441757867828866
2020-05-07,23.630181490172827,,,,,,0.63,3.6018760878576996
2020-05-08,24.120633424272047,,,,,,0.69,3.4558281066272607
2020-05-11,24.151772178075372,,,,,,0.73,3.410482912089513
2020-05-12,23.587581916455406,,,,,,0.69,3.549518927976123
2020-05-13,23.22640712781511,,,,,,0.64,3.6654442062303985
2020-05-14,23.496652888796955,,,,,,0.63,3.625925321503103
2020-05-15,23.64693142868548,,,,,,0.64,3.5888785038168876
2020-05-18,24.39285836621694,,,,,,0.73,3.3695605557442865
2020-05-19,24.135088604321425,,,,,,0.7000000000000001,3.4433450541422435
2020-05-20,24.541719424791083,,,,,,0.6799999999999999,3.3946941267278907
2020-05-21,24.445938171901368,,,,,,0.6799999999999999,3.4106591228698244
2020-05-22,24.4549090650673,,,,,,0.66,3.4291585298448455
2020-05-26,24.752922786706232,,,,,,0.69,3.3499269557656377
2020-05-27,25.138369723519993,,,,,,0.6799999999999999,3.297982705315925
2020-05-28,24.998367335419985,,,,,,0.7000000000000001,3.3002612433937157
2020-05-29,25.122464231753998,,,,,,0.65,3.330501238951041
2020-06-01,25.32019471892616,,,,,,0.66,3.2894167051271808
2020-06-02,25.55514735333219,,,,,,0.6799999999999999,3.2331059828133135
2020-06-03,25.900680267969403,,,,,,0.77,3.0909024537346617
2020-06-04,25.80700958438629,,,,,,0.8200000000000001,3.0549162189059604
2020-06-05,26.505591660642917,,,,,,0.91,2.8627888243478057
2020-06-08,26.82731897971661,,,,,,0.88,2.8475435564622478
2020-06-09,26.65780810489725,,,,,,0.84,2.9112461492146915
2020-06-10,26.55295232956025,,,,,,0.75,3.016059561244131
2020-06-11,25.030842398886907,,,,,,0.66,3.3350712966994225
2020-06-12,25.357172409580624,,,,,,0.7100000000000001,3.233657375702399
2020-06-15,25.575942190457607,,,,,,0.7100000000000001,3.199924383443048
2020-06-16,26.055836376470396,,,,,,0.75,3.08791172753543
2020-06-17,25.971722352722143,,,,,,0.74,3.1103414845538273
2020-06-18,25.989496897821937,,,,,,0.7100000000000001,3.1377081873939834
2020-06-19,25.8547647498813,,,,,,0.7000000000000001,3.1677590365798665
2020-06-22,26.024097054566862,,,,,,0.7100000000000001,3.1325924938076346
2020-06-23,26.141709487134193,,,,,,0.72,3.105304540593094
2020-06-24,25.461157702705233,,,,,,0.69,3.2375511808080533
2020-06-25,25.735334587592785,,,,,,0.6799999999999999,3.205708175257641
2020-06-26,25.102289465984132,,,,,,0.64,3.3437003766333353
2020-06-29,25.470240750257066,,,,,,0.64,3.2861505605906265
2020-06-30,25.860806010339072,,,,,,0.66,3.2068555017202596
2020-07-01,25.999287123210536,,,,,,0.69,3.1562593041917006
2020-07-02,26.120081502605064,,,,,,0.6799999999999999,3.148471974332338
2020-07-06,26.53837229299454,,,,,,0.69,3.078128613765716
2020-07-07,26.262883760009384,,,,,,0.65,3.1576549747469267
2020-07-08,26.467485754773232,,,,,,0.67,3.1082206034423074
2020-07-09,26.397888755181274,,,,,,0.62,3.168181734055243
2020-07-10,26.799511698771465,,,,,,0.65,3.0814112706234185
2020-07-13,26.554636113552363,,,,,,0.64,3.1258207618580105
2020-07-14,26.906458432315283,,,,,,0.63,3.086579803750674
2020-07-15,27.332860159536928,,,,,,0.64,3.018599920254163
2020-07-16,27.238880274608906,,,,,,0.62,3.0512228620211075
2020-07-17,27.315633045527502,,,,,,0.64,3.020907284606146
2020-07-20,27.49932112944227,,,,,,0.62,3.016453406587356
2020-07-21,27.53696911302005,,,,,,0.61,3.0214817215202503
2020-07-22,27.77877613835296,,,,,,0.6,2.999870617119604
2020-07-23,27.573848049070158,,,,,,0.59,3.0366247577066847
2020-07-24,27.66365036609879,,,,,,0.59,3.024851933009819
2020-07-27,27.967073313673087,,,,,,0.62,2.9556333484887762
2020-07-28,27.700671367168578,,,,,,0.59,3.020020806879147
2020-07-29,28.525657936303862,,,,,,0.58,2.9256158993175263
2020-07-30,28.537122776785953,,,,,,0.5499999999999999,2.9542075118149906
2020-07-31,29.13200341052096,,,,,,0.5499999999999999,2.8826509780609606
2020-08-03,29.693061478802733,,,,,,0.5599999999999999,2.807790150954557
2020-08-04,30.552919566848527,,,,,,0.52,2.7530096310830174
2020-08-05,31.62813886906575,,,,,,0.5499999999999999,2.61174152434262
2020-08-06,32.739610747088186,,,,,,0.5499999999999999,2.5044040603443602
2020-08-07,32.90601221969683,,,,,,0.5700000000000001,2.468958331758661
2020-08-10,33.03900919516581,,,,,,0.59,2.436725148120718
2020-08-11,32.781302204590084,,,,,,0.64,2.4105194508715355
2020-08-12,33.24614252257025,,,,,,0.69,2.3178677528411504
2020-08-13,33.17750238933118,,,,,,0.7100000000000001,2.3040906577752756
2020-08-14,33.1707922363549,,,,,,0.7100000000000001,2.304700381210699
2020-08-17,33.26327282338464,,,,,,0.69,2.31631872669181
2020-08-18,33.34701569823742,,,,,,0.67,2.3287690924104365
2020-08-19,33.202580753250466,,,,,,0.6799999999999999,2.3318140738264814
2020-08-20,33.294079203712144,,,,,,0.65,2.353537036965132
2020-08-21,33.4040564452173,,,,,,0.64,2.3536483960862697
2020-08-24,33.74354543407242,,,,,,0.65,2.313529727348252
2020-08-25,33.83180943080764,,,,,,0.69,2.265798158077198
2020-08-26,34.18808875572397,,,,,,0.69,2.234995331400543
2020-08-27,34.1566157704412,,,,,,0.74,2.187690514542691
2020-08-28,34.31815719073696,,,,,,0.74,2.173909375850509
2020-08-31,34.227670291485225,,,,,,0.72,2.2016128105825796
2020-09-01,34.49660460167005,,,,,,0.6799999999999999,2.218836020376301
2020-09-02,34.90678929470102,,,,,,0.66,2.204772212527159
2020-09-03,33.68244794986388,,,,,,0.63,2.3389053523915306
2020-09-04,33.4090958701922,,,,,,0.72,2.273196834435158
2020-09-08,32.4825518834201,,,,,,0.69,2.3885758569369817
2020-09-09,33.14828957348895,,,,,,0.7100000000000001,2.306746905697877
2020-09-10,32.57852234425932,,,,,,0.6799999999999999,2.3895069267811975
2020-09-11,32.59433937474579,,,,,,0.67,2.398017389469791
2020-09-14,33.00155632107992,,,,,,0.6799999999999999,2.3501601241794914
2020-09-15,33.15252612513123,,,,,,0.6799999999999999,2.336361396490843
2020-09-16,32.98982005245794,,,,,,0.69,2.3412381165155645
2020-09-17,32.70661706431503,,,,,,0.69,2.367485272884008
2020-09-18,32.33687940653727,,,,,,0.7000000000000001,2.3924443494626093
2020-09-21,31.938937678953277,,,,,,0.6799999999999999,2.4509745178499394
2020-09-22,32.25135371948942,,,,,,0.6799999999999999,2.4206450417481307
2020-09-23,31.47673913963796,,,,,,0.6799999999999999,2.4969491609781214
2020-09-24,31.567997712702038,,,,,,0.67,2.4977650546636645
2020-09-25,32.070936693341785,,,,,,0.66,2.458087911063754
2020-09-28,32.58434570740934,,,,,,0.67,2.398958354970468
2020-09-29,32.42474779771808,,,,,,0.66,2.424064080431725
2020-09-30,32.689365902401185,,,,,,0.69,2.369098799853274
2020-10-01,32.829453200707796,,,,,,0.6799999999999999,2.366045250544838
2020-10-02,32.506530650666114,,,,,,0.7000000000000001,2.376304914684915
2020-10-05,33.08282223109469,,,,,,0.7799999999999999,2.242716722940571
2020-10-06,32.615357869438455,,,,,,0.76,2.306040250127163
2020-10-07,33.190752210551,,,,,,0.8099999999999999,2.202887426161165
2020-10-08,33.62507435285206,,,,,,0.7799999999999999,2.1939711190116093
2020-10-09,33.92263748951985,,,,,,0.79,2.157883991358109
2020-10-12,34.26214817755322,,,,,,,
2020-10-13,34.05022747652289,,,,,,0.74,2.196837942388152
2020-10-14,34.074021200723195,,,,,,0.73,2.2047871626574436
2020-10-15,34.13812698426749,,,,,,0.74,2.189276115414442
2020-10-16,34.13130498198744,,,,,,0.76,2.1698616051385757
2020-10-19,33.55831928816568,,,,,,0.7799999999999999,2.1998870182174155
2020-10-20,33.67723327620021,,,,,,0.8099999999999999,2.159365065706578
2020-10-21,33.22687506742414,,,,,,0.83,2.179611942052315
2020-10-22,33.537147585054385,,,,,,0.8699999999999999,2.111768194399585
2020-10-23,33.71354032870681,,,,,,0.8500000000000001,2.116167273593951
2020-10-26,33.07487841345477,,,,,,0.8099999999999999,2.213442709295653
2020-10-27,32.983848470600414,,,,,,0.79,2.241786908951309
2020-10-28,31.708086868000567,,,,,,0.79,2.3637695861720007
2020-10-29,31.988300824711683,,,,,,0.8500000000000001,2.2761429154357504
2020-10-30,31.21082227443166,,,,,,0.88,2.324016834952836
2020-11-02,31.555679699729623,,,,,,0.8699999999999999,2.2990016171908607
2020-11-03,32.13602214782549,,,,,,0.8999999999999999,2.2117728118309308
2020-11-04,33.02173454506709,,,,,,0.7799999999999999,2.248308517940599
2020-11-05,33.96164559754609,,,,,,0.79,2.154498072473424
2020-11-06,34.0235656929244,,,,,,0.83,2.109139327798208
2020-11-09,34.179112296847315,,,,,,0.96,1.9657635228058283
2020-11-10,34.14417449428002,,,,,,0.98,1.9487572911376851
2020-11-11,34.41020883540122,,,,,,,
2020-11-12,34.09433274960492,,,,,,0.88,2.0530387761044766
2020-11-13,34.562833536821365,,,,,,0.89,2.0032813015306
2020-11-16,34.9543652994221,,,,,,0.91,1.9508730023672691
2020-11-17,34.794270541846,,,,,,0.8699999999999999,2.0040363985999674
2020-11-18,34.378547841000156,,,,,,0.88,2.028790693036171
2020-11-19,34.735305351978894,,,,,,0.86,2.0189152416160616
2020-11-20,34.48538300263276,,,,,,0.83,2.0697793062749392
2020-11-23,34.739293552090764,,,,,,0.86,2.018584731438258
2020-11-24,35.269359434457,,,,,,0.88,1.9553222628223663
2020-11-25,35.28824259087642,,,,,,0.88,1.9538050483096159
2020-11-27,35.37469382943067,,,,,,0.84,1.9868795903133174
2020-11-30,35.210683681722685,,,,,,0.84,2.000047097748018
2020-12-01,35.60436279021748,,,,,,0.9199999999999999,1.8886445638475413
2020-12-02,35.58981684049701,,,,,,0.95,1.8597924877829606
2020-12-03,35.59588792014929,,,,,,0.9199999999999999,1.8893132618106243
2020-12-04,35.83015000916956,,,,,,0.97,1.8209456135240367
2020-12-07,35.757383253324925,,,,,,0.9400000000000001,1.8566252253847861
2020-12-08,35.85857017831012,,,,,,0.9199999999999999,1.868733613826223
2020-12-09,35.57372111386413,,,,,,0.95,1.8610638097128118
2020-12-10,35.52805411909976,,,,,,0.9199999999999999,1.894677090526057
2020-12-11,35.456802243492646,,,,,,0.8999999999999999,1.9203332977765335
2020-12-14,35.302731691270964,,,,,,0.8999999999999999,1.9326419857397674
2020-12-15,35.73410367090939,,,,,,0.9199999999999999,1.8784471338904334
2020-12-16,35.78764746859976,,,,,,0.9199999999999999,1.874260228693167
2020-12-17,35.95500662408258,,,,,,0.9400000000000001,1.841253833312333
2020-12-18,35.81155239615119,,,,,,0.95,1.8423950040978225
2020-12-21,36.37026486962026,,,,,,0.95,1.7994988105937348
2020-12-22,36.29025373844967,,,,,,0.9299999999999999,1.8255607828128684
2020-12-23,36.31696976871668,,,,,,0.96,1.7935336961438804
2020-12-24,36.44638780812472,,,,,,0.9400000000000001,1.8037561309630732
2020-12-28,36.77796356260154,,,,,,0.9400000000000001,1.779019497362468
2020-12-29,36.69729624703697,,,,,,0.9400000000000001,1.784996395560729
2020-12-30,36.74188181762559,,,,,,0.9299999999999999,1.791689664573158
2020-12-31,36.97489262897421,,,,,,0.9299999999999999,1.7745379415554583
2021-01-04,36.43601032454412,,,,,,0.9299999999999999,1.8145375909512722
2021-01-05,36.68090420634156,,,,,,0.96,1.7662141477611546
2021-01-06,36.870253825355555,,,,,,1.04,1.6722134952927914
2021-01-07,37.44291262839973,,,,,,1.08,1.5907324024828111
2021-01-08,37.64641252901215,,,,,,1.13,1.5262956011528361
2021-01-11,37.3812269701775,,,,,,1.15,1.5251395848985734
2021-01-12,37.39629449834864,,,,,,1.15,1.5240617310203248
2021-01-13,37.480083346507094,,,,,,1.0999999999999999,1.5680837146355857
2021-01-14,37.326927913211485,,,,,,1.15,1.5290310799889326
2021-01-15,37.005665684106056,,,,,,1.11,1.592288910396497
2021-01-19,37.30658957360875,,,,,,1.0999999999999999,1.5804916006243983
2021-01-20,37.830265546955474,,,,,,1.0999999999999999,1.5433861500622712
2021-01-21,37.414792039642144,,,,,,1.1199999999999999,1.552739698620986
2021-01-22,37.33960656557676,,,,,,1.0999999999999999,1.578121415778109
2021-01-25,37.4799920781499,,,,,,1.05,1.6180902117452163
2021-01-26,37.385301586903,,,,,,1.05,1.6248480219571773
2021-01-27,36.39722703680807,,,,,,1.04,1.7074620497564617
2021-01-28,36.243816218435,,,,,,1.0699999999999998,1.6890913549864033
2021-01-29,35.43664972666053,,,,,,1.11,1.711937196979591
2021-02-01,36.29385440316939,,,,,,1.09,1.665287407315642
2021-02-02,37.041990087599984,,,,,,1.1199999999999999,1.5796389708952374
2021-02-03,36.72633771241408,,,,,,1.15,1.5728415962149809
2021-02-04,37.0640566290564,,,,,,1.15,1.5480317076680943
2021-02-05,37.045956354790526,,,,,,1.1900000000000002,1.5093499382846594
2021-02-08,37.41272066063849,,,,,,1.1900000000000002,1.482887676549246
2021-02-09,37.370593869138,,,,,,1.18,1.4959007456550928
2021-02-10,37.56664658836588,,,,,,1.15,1.5119357616809292
2021-02-11,37.59292504897991,,,,,,1.16,1.50007499734883
2021-02-12,37.63603686165331,,,,,,1.2,1.4570279003496307
2021-02-16,37.7095364159008,,,,,,1.3,1.3518490945392123
2021-02-17,37.85241824507994,,,,,,1.29,1.3518391383223713
2021-02-18,37.71518794802605,,,,,,1.29,1.3614517211953556
2021-02-19,37.73465320400003,,,,,,1.34,1.3100839814104763
2021-02-22,37.48632883357872,,,,,,1.37,1.2976391930496032
2021-02-23,37.71556462862426,,,,,,1.37,1.281425240074622
2021-02-24,39.39704730890515,,,,,,1.38,1.1582612868400521
2021-02-25,38.87510957962341,,,,,,1.54,1.0323400160501546
2021-02-26,38.918015716564184,,,,,,1.44,1.1295040756519934
2021-03-01,39.95438598470055,,,,,,1.4500000000000002,1.052854130665211
2021-03-02,39.61501785274016,,,,,,1.4200000000000002,1.1042952148028131
2021-03-03,39.09319439931026,,,,,,1.47,1.0879899912646775
2021-03-04,38.578705235735875,,,,,,1.54,1.0521035812101052
2021-03-05,39.25136231278553,,,,,,1.5599999999999998,0.9876822741366744
2021-03-08,39.03119596685432,,,,,,1.59,0.9720531865055067
2021-03-09,39.60153396319528,,,,,,1.55,0.9751547097376989
2021-03-10,39.85907162448197,,,,,,1.53,0.9788391657014579
2021-03-11,40.15742425509321,,,,,,1.54,0.950199554751495
2021-03-12,40.15028007017826,,,,,,1.6400000000000001,0.8506426511897556
2021-03-15,40.40464173275514,,,,,,1.6199999999999999,0.8549631654061234
2021-03-16,40.30303535778131,,,,,,1.6199999999999999,0.8612026963297443
2021-03-17,40.400544950902514,,,,,,1.63,0.8452141368767871
2021-03-18,39.758991191941625,,,,,,1.71,0.8051543588527483
2021-03-19,39.92109077235342,,,,,,1.7399999999999998,0.7649415751248227
2021-03-22,40.42117568686973,,,,,,1.69,0.7839508017943091
2021-03-23,40.129304916358976,,,,,,1.63,0.8619444831757939
2021-03-24,39.87466606755367,,,,,,1.6199999999999999,0.8878579926057564
2021-03-25,40.08109969186587,,,,,,1.63,0.864941525276917
2021-03-26,40.730722701997,,,,,,1.67,0.7851491691331334
2021-03-29,40.702790790544,,,,,,1.73,0.7268339924060396
2021-03-30,40.593186631807285,,,,,,1.73,0.7334675988123531
2021-03-31,40.75712326696419,,,,,,1.7399999999999998,0.7135588379235616
2021-04-01,41.20002882055185,,,,,,1.69,0.7371827681372132
2021-04-05,41.80706144309885,,,,,,1.73,0.6619404174365173
2021-04-06,41.77126007926173,,,,,,1.67,0.7239905047213844
2021-04-07,41.897391639087424,,,,,,1.68,0.706783427030975
2021-04-08,42.0792869415228,,,,,,1.6400000000000001,0.7364661254590428
2021-04-09,42.40093928773992,,,,,,1.67,0.6884383195236112
2021-04-12,42.40021718169094,,,,,,1.69,0.6684784854163794
2021-04-13,42.539090235098264,,,,,,1.6400000000000001,0.7107789999112799
2021-04-14,42.36032745520998,,,,,,1.6400000000000001,0.7206994092700478
2021-04-15,42.842465097280005,,,,,,1.5599999999999998,0.7741327295928364
2021-04-16,42.98828368993521,,,,,,1.59,0.7362152246243985
2021-04-19,42.75890171959744,,,,,,1.6099999999999999,0.7286943064107652
2021-04-20,42.4505886026,,,,,,1.58,0.7756799397093692
2021-04-21,42.82986538876306,,,,,,1.5699999999999998,0.7648193857792567
2021-04-22,42.28192303159627,,,,,,1.5699999999999998,0.7950769130172342
2021-04-23,42.071794334832596,,,,,,1.58,0.79688935261805
2021-04-26,42.124388456140814,,,,,,1.58,0.7939217034359625
2021-04-27,41.61840095360371,,,,,,1.63,0.7727833292172912
2021-04-28,40.3104751430359,,,,,,1.63,0.8507447603920428
2021-04-29,39.19095100515405,,,,,,1.6500000000000001,0.9016094260343126
2021-04-30,38.18678499046356,,,,,,1.6500000000000001,0.9687069695700525
2021-05-03,35.92014891981549,,,,,,1.63,1.1539528233368381
2021-05-04,34.5810529903959,,,,,,1.6099999999999999,1.2817569406510767
2021-05-05,33.97199248720605,,,,,,1.59,1.3536012632364816
2021-05-06,33.468319651720506,,,,,,1.58,1.4079002304455193
2021-05-07,33.15638087417792,,,,,,1.6,1.4160107153878085
2021-05-10,32.792663181737645,,,,,,1.63,1.4194626022228767
2021-05-11,32.50883562233789,,,,,,1.6400000000000001,1.436086795655231
2021-05-12,31.816024187963354,,,,,,1.69,1.4530702783357836
2021-05-13,32.14942564251269,,,,,,1.66,1.4504754751128532
2021-05-14,32.63876814649505,,,,,,1.63,1.4338411214284323
2021-05-17,32.54491196612754,,,,,,1.6400000000000001,1.4326769242479167
2021-05-18,32.26860978448992,,,,,,1.6400000000000001,1.4589869308861747
2021-05-19,32.16708363309417,,,,,,1.68,1.4287679921694207
2021-05-20,32.7555120555158,,,,,,1.63,1.4229212863628762
2021-05-21,32.72232083868288,,,,,,1.63,1.4260179546245517
2021-05-24,33.0423455632755,,,,,,1.6099999999999999,1.4164195321273971
2021-05-25,32.90089587374307,,,,,,1.5599999999999998,1.4794309134848251
2021-05-26,32.94871831569246,,,,,,1.58,1.4550194214496375
2021-05-27,32.880398493948924,,,,,,1.6099999999999999,1.4313256706241955
2021-05-28,32.6949079575299,,,,,,1.58,1.478580257509769
2021-06-01,32.680885769153726,,,,,,1.6199999999999999,1.4398925838903145
2021-06-02,32.715351419908394,,,,,,1.59,1.466668984431163
2021-06-03,32.48158400649298,,,,,,1.63,1.4486675914576788
2021-06-04,32.773293697125666,,,,,,1.5599999999999998,1.491264878170312
2021-06-07,32.749219525643134,,,,,,1.5699999999999998,1.4835078834992843
2021-06-08,32.75216908800274,,,,,,1.53,1.52323289371483
2021-06-09,32.665754570508874,,,,,,1.5,1.5613099655833906
2021-06-10,32.78210476539898,,,,,,1.4500000000000002,1.6004447690481576
2021-06-11,32.82167776941214,,,,,,1.47,1.5767668564217663
2021-06-14,32.882708848153726,,,,,,1.51,1.531111985687722
2021-06-15,32.81064132203271,,,,,,1.51,1.5377916910709362
2021-06-16,32.63016373683174,,,,,,1.5699999999999998,1.494649040884942
2021-06-17,32.62811353786156,,,,,,1.52,1.544841609183452
2021-06-18,32.19647542203491,,,,,,1.4500000000000002,1.6559300339303946
2021-06-21,32.612311715378475,,,,,,1.5,1.5663266337186572
2021-06-22,32.78145054762216,,,,,,1.48,1.5705056466225722
2021-06-23,32.747277797531986,,,,,,1.5,1.553688939223417
2021-06-24,32.92468130100319,,,,,,1.49,1.5472351697434068
2021-06-25,33.01810123893627,,,,,,1.54,1.4886417524844218
2021-06-28,33.01736460435428,,,,,,1.49,1.5387093230576057
2021-06-29,33.026550607788884,,,,,,1.49,1.537866917970425
2021-06-30,33.09903689500543,,,,,,1.4500000000000002,1.571235944635288
2021-07-01,33.15565836183327,,,,,,1.48,1.5360764388594914
2021-07-02,33.400534696151034,,,,,,1.44,1.5539640460762945
2021-07-06,33.3409193106281,,,,,,1.37,1.629317417385157
2021-07-07,33.451687208057194,,,,,,1.3299999999999998,1.6593858380905206
2021-07-08,33.166307024472076,,,,,,1.3,1.7151080711583007
2021-07-09,33.53695349557267,,,,,,1.37,1.6117854508818565
2021-07-12,33.65628172519793,,,,,,1.38,1.5912135409518986
2021-07-13,33.516705961983504,,,,,,1.4200000000000002,1.5635867556145138
2021-07-14,33.37327332301905,,,,,,1.37,1.6264097028212543
2021-07-15,33.25934738138175,,,,,,1.31,1.6966735481400033
2021-07-16,33.018977759663244,,,,,,1.31,1.7185613542573792
2021-07-19,32.4382129016238,,,,,,1.1900000000000002,1.892783885267433
2021-07-20,32.815189795892834,,,,,,1.23,1.8173692403423507
2021-07-21,33.15600608569605,,,,,,1.3,1.716044807735192
2021-07-22,32.97714959571166,,,,,,1.27,1.762402776648834
2021-07-23,33.05514326817744,,,,,,1.3,1.7252478166165182
2021-07-26,33.121382241258985,,,,,,1.29,1.7291976672830693
2021-07-27,32.64204100624944,,,,,,1.25,1.8135339248809417
2021-07-28,31.52582538818889,,,,,,1.26,1.9120025968761751
2021-07-29,31.10157302586262,,,,,,1.28,1.9352714564258424
2021-07-30,30.484786837305887,,,,,,1.24,2.040324725040379
2021-08-02,30.128165519752525,,,,,,1.2,2.1191532997400175
2021-08-03,30.045810236729178,,,,,,1.1900000000000002,2.1382510676898328
2021-08-04,29.013477596626224,,,,,,1.1900000000000002,2.256674038538155
2021-08-05,28.325806880395575,,,,,,1.23,2.3003495650537134
2021-08-06,28.007031297041564,,,,,,1.31,2.2605319474743184
2021-08-09,27.950697664008832,,,,,,1.3299999999999998,2.247728227112077
2021-08-10,27.966937435241586,,,,,,1.3599999999999999,2.2156507208396867
2021-08-11,28.002086754736347,,,,,,1.35,2.2211624235677982
2021-08-12,27.73865315634962,,,,,,1.3599999999999999,2.2450777028122983
2021-08-13,27.782052199224395,,,,,,1.29,2.309446120211082
2021-08-16,27.860522877815576,,,,,,1.26,2.3293080843657368
2021-08-17,27.653736984561032,,,,,,1.26,2.3561477942684412
2021-08-18,27.3540922893054,,,,,,1.27,2.3857601306001626
2021-08-19,27.37147656356431,,,,,,1.24,2.4134382705942707
2021-08-20,27.56111895535139,,,,,,1.26,2.368299713157457
2021-08-23,27.80079181099362,,,,,,1.25,2.347019850364684
2021-08-24,27.828291299233534,,,,,,1.29,2.303465330828784
2021-08-25,27.88025587748555,,,,,,1.35,2.2367676551976734
2021-08-26,27.67973209218262,,,,,,1.34,2.2727517299288547
2021-08-27,27.9078092123312,,,,,,1.31,2.273226445299566
2021-08-30,28.0236650604558,,,,,,1.29,2.278412617845266
2021-08-31,27.982584206849456,,,,,,1.3,2.27365135617183
2021-09-01,27.95150932006397,,,,,,1.31,2.2676243370234985
2021-09-02,28.045052415702006,,,,,,1.29,2.275691321154796
2021-09-03,28.010155464559894,,,,,,1.3299999999999998,2.240133701204405
2021-09-07,27.921266845976028,,,,,,1.38,2.2014993836646726
2021-09-08,27.87709697082021,,,,,,1.35,2.2371740915014566
2021-09-09,27.715293827566185,,,,,,1.3,2.3081161766554317
2021-09-10,27.500676693571734,,,,,,1.35,2.2862741584237067
2021-09-13,27.550738426516446,,,,,,1.3299999999999998,2.2996667788676817
2021-09-14,27.390784430090164,,,,,,1.28,2.3708629482748558
2021-09-15,27.599116560969836,,,,,,1.31,2.31330438291703
2021-09-16,27.558581819614425,,,,,,1.34,2.2886337466330158
2021-09-17,27.334723384815412,,,,,,1.37,2.2883505379663194
2021-09-20,26.870160871927727,,,,,,1.31,2.411600346072873
2021-09-21,26.869338737376243,,,,,,1.3299999999999998,2.391714217733848
2021-09-22,27.11721497067139,,,,,,1.32,2.3676943339555683
2021-09-23,27.442145291382268,,,,,,1.41,2.2340299742674734
2021-09-24,27.48509532859751,,,,,,1.47,2.1683355707685203
2021-09-27,27.408369220785488,,,,,,1.48,2.16852061041865
2021-09-28,26.852792438575147,,,,,,1.54,2.1840074837187458
2021-09-29,26.88999649364044,,,,,,1.55,2.168855077710787
2021-09-30,26.570852029322857,,,,,,1.52,2.24352252045372
2021-10-01,26.85407934062017,,,,,,1.48,2.2438290217135624
2021-10-04,26.50080693597051,,,,,,1.49,2.2834700019366716
2021-10-05,26.771142417615817,,,,,,1.54,2.1953654334227624
2021-10-06,26.87813363336901,,,,,,1.53,2.1904964215168095
2021-10-07,27.101986628269415,,,,,,1.58,2.1097664134957714
2021-10-08,27.018777543781237,,,,,,1.6099999999999999,2.091129699075392
2021-10-11,26.834923877180998,,,,,,,
2021-10-12,26.770575784839494,,,,,,1.59,2.1454444971120576
2021-10-13,26.716717818093095,,,,,,1.5599999999999998,2.1829747426638617
2021-10-14,27.1639881581886,,,,,,1.52,2.1613445587464275
2021-10-15,27.362414280958,,,,,,1.59,2.0646482694544908
2021-10-18,27.46294453162569,,,,,,1.59,2.0512701443882797
2021-10-19,27.666042647508373,,,,,,1.6500000000000001,1.9645393569327878
2021-10-20,27.700073189612556,,,,,,1.6500000000000001,1.9600987645584882
2021-10-21,27.681794830390174,,,,,,1.68,1.932482521914223
2021-10-22,27.519708126229588,,,,,,1.66,1.9737594694432092
2021-10-25,27.651447843502638,,,,,,1.6400000000000001,1.9764471591492945
2021-10-26,27.418739272884167,,,,,,1.63,2.017140702012337
2021-10-27,27.128178696778637,,,,,,1.54,2.1462039695969195
2021-10-28,27.31325112606012,,,,,,1.5699999999999998,2.0912265430601926
2021-10-29,27.09396429566714,,,,,,1.55,2.140858927425101
2021-11-01,27.021204305116495,,,,,,1.58,2.120797302400948
2021-11-02,27.038743176703463,,,,,,1.5599999999999998,2.138396754112441
2021-11-03,26.861844112441368,,,,,,1.6,2.1227525996133623
2021-11-04,26.50817111623356,,,,,,1.53,2.242421702029838
2021-11-05,26.477615351787833,,,,,,1.4500000000000002,2.3267751616365917
2021-11-08,26.77274854444848,,,,,,1.51,2.2251413447139594
2021-11-09,26.603533526639755,,,,,,1.46,2.298899166528531
2021-11-10,26.35396439119656,,,,,,1.5599999999999998,2.234495526957782
2021-11-11,26.364434775581945,,,,,,,
2021-11-12,26.434225939347655,,,,,,1.58,2.2029743995321165
2021-11-15,26.444360870876757,,,,,,1.63,2.151524555964227
2021-11-16,26.542829504246612,,,,,,1.63,2.1374958498302115
2021-11-17,26.477285621368555,,,,,,1.6,2.1768221950702817
2021-11-18,26.536672992165315,,,,,,1.59,2.178369909427756
2021-11-19,26.4441029680728,,,,,,1.54,2.241561436239099
2021-11-22,26.341442711532213,,,,,,1.63,2.166299280001861
2021-11-23,26.268001419586337,,,,,,1.67,2.136913148917242
2021-11-24,26.28340955432993,,,,,,1.6400000000000001,2.1646814205475104
2021-11-26,25.686998841530233,,,,,,1.48,2.4130199910439507
2021-11-29,26.024419668274554,,,,,,1.52,2.3225448588160624
2021-11-30,25.528154193229774,,,,,,1.43,2.4872436535392213
2021-12-01,25.24554323844699,,,,,,1.43,2.53109519432752
2021-12-02,25.593949147978993,,,,,,1.44,2.467173505027317
2021-12-03,25.401689128584007,,,,,,1.35,2.5867460759714604
2021-12-06,25.698418186477852,,,,,,1.43,2.4612900893105785
2021-12-07,26.228588500574034,,,,,,1.48,2.332633683959448
2021-12-08,26.303196664619573,,,,,,1.52,2.2818192721993364
2021-12-09,26.07242391942312,,,,,,1.49,2.345470008812767
2021-12-10,26.34387277647658,,,,,,1.48,2.3159490940638654
2021-12-13,26.104633613332467,,,,,,1.4200000000000002,2.410737541894739
2021-12-14,25.9178183978159,,,,,,1.44,2.4183494360940125
2021-12-15,26.341815966577677,,,,,,1.47,2.326245487664151
2021-12-16,26.101060783755027,,,,,,1.44,2.3912619103296655
2021-12-17,25.79933707244156,,,,,,1.41,2.4660685873133694
2021-12-20,25.501119684195714,,,,,,1.43,2.491396442132495
2021-12-21,25.956536710279607,,,,,,1.48,2.372594092816583
2021-12-22,26.219635412328486,,,,,,1.46,2.3539355649842464
2021-12-23,26.38721908947456,,,,,,1.5,2.289713484430362
2021-12-27,26.746301958830095,,,,,,1.48,2.2588346304445177
2021-12-28,26.72256228714664,,,,,,1.49,2.2521561198156244
2021-12-29,26.756900515464253,,,,,,1.55,2.1873536573193375
2021-12-30,26.691127515103858,,,,,,1.52,2.2265633455691387
2021-12-31,26.618056983305053,,,,,,1.52,2.2368482200906095
2022-01-03,26.80218191528208,,,,,,1.63,2.101039521934666
2022-01-04,26.782455490434064,,,,,,1.66,2.0737875922436304
2022-01-05,26.257426004942996,,,,,,1.71,2.098446417450624
2022-01-06,26.156763504062788,,,,,,1.73,2.09310296090216
2022-01-07,26.052583185737547,,,,,,1.76,2.0783909682608703
2022-01-10,26.01444886920015,,,,,,1.78,2.064017626619611
2022-01-11,26.253856186941,,,,,,1.7500000000000002,2.058964263685624
2022-01-12,26.329037151942117,,,,,,1.7399999999999998,2.0580879977839857
2022-01-13,25.953202676824315,,,,,,1.7000000000000002,2.1530890096773287
2022-01-14,25.978023669658146,,,,,,1.78,2.069407532752315
2022-01-18,25.500209750014143,,,,,,1.87,2.051536370889833
2022-01-19,25.242692293230505,,,,,,1.83,2.131542565997116
2022-01-20,24.964126365779514,,,,,,1.83,2.1757480295837084
2022-01-21,24.50154857346436,,,,,,1.7500000000000002,2.331374681284508
2022-01-24,24.56113782211263,,,,,,1.7500000000000002,2.3214726135353967
2022-01-25,24.205169186988325,,,,,,1.78,2.351348937389612
2022-01-26,24.162962221677546,,,,,,1.8499999999999999,2.2885654243288958
2022-01-27,24.014501950045688,,,,,,1.81,2.3541504874020407
2022-01-28,24.45565845389694,,,,,,1.78,2.3090332267486042
2022-01-31,24.859071813805052,,,,,,1.79,2.2326763392053417
2022-02-01,25.03780726469977,,,,,,1.81,2.183959971925645
2022-02-02,25.179245164302472,,,,,,1.78,2.1915249344239127
2022-02-03,24.489913256297793,,,,,,1.82,2.2633137689568636
2022-02-04,24.26369146555845,,,,,,1.9300000000000002,2.1913844209133173
2022-02-07,24.115615687855986,,,,,,1.92,2.2266907291260853
2022-02-08,24.31890929720557,,,,,,1.96,2.15202652133296
2022-02-09,24.450142782926314,,,,,,1.94,2.14995566560988
2022-02-10,24.026438792461036,,,,,,2.03,2.1320816494610004
2022-02-11,23.59151951687176,,,,,,1.92,2.3188113206732526
2022-02-14,23.50347976725497,,,,,,1.9800000000000002,2.2746891349816174
2022-02-15,23.81263048192645,,,,,,2.0500000000000003,2.1494520544842364
2022-02-16,23.490624511354987,,,,,,2.03,2.2270175157183085
2022-02-17,22.84729527885719,,,,,,1.97,2.4068857004504896
2022-02-18,22.562694467644093,,,,,,1.92,2.512094763478026
2022-02-22,22.101470451581623,,,,,,1.94,2.5845858287607197
2022-02-23,21.335912180865346,,,,,,1.9900000000000002,2.696933427185871
2022-02-24,21.411966578525803,,,,,,1.96,2.7102856383257494
2022-02-25,21.721754947208986,,,,,,1.97,2.633679594168745
2022-02-28,21.602258436691812,,,,,,1.83,2.799145618874194
2022-03-01,21.27141420043762,,,,,,1.72,2.9811448819393824
2022-03-02,21.659361956163067,,,,,,1.8599999999999999,2.756941173169946
2022-03-03,21.538850642067757,,,,,,1.8599999999999999,2.7827732687225635
2022-03-04,21.391850908401313,,,,,,1.7399999999999998,2.9346773071761914
2022-03-07,20.756315251168033,,,,,,1.78,3.0378108103447037
2022-03-08,20.605934461836366,,,,,,1.8599999999999999,2.9929708849267187
2022-03-09,21.13446279410753,,,,,,1.94,2.7916083202209836
2022-03-10,21.034276242387204,,,,,,1.9800000000000002,2.774145036779781
2022-03-11,20.796153048510817,,,,,,2.0,2.8085816529014656
2022-03-14,20.64920913830724,,,,,,2.1399999999999997,2.7028004835539052
2022-03-15,21.090378473734667,,,,,,2.15,2.591498599683123
2022-03-16,21.5639303196888,,,,,,2.19,2.447373545429039
2022-03-17,21.8282604007852,,,,,,2.1999999999999997,2.381217108643382
2022-03-18,22.00135360971082,,,,,,2.1399999999999997,2.405174891233176
2022-03-21,21.997412295743082,,,,,,2.32,2.225989257988855
2022-03-22,22.254181616009905,,,,,,2.3800000000000003,2.113537516924859
2022-03-23,21.976836424223812,,,,,,2.32,2.2302454525154363
2022-03-24,22.29013325069646,,,,,,2.34,2.146289914703649
2022-03-25,22.399101704632802,,,,,,2.48,1.9844647503572443
2022-03-28,22.566918980286943,,,,,,2.46,1.9712650782037988
2022-03-29,22.830075580849662,,,,,,2.41,1.9701869882499228
2022-03-30,22.654204973984452,,,,,,2.35,2.064191542578414
2022-03-31,22.30328843812903,,,,,,2.32,2.163643758516032
2022-04-01,22.388375735273808,,,,,,2.39,2.0766036153058605
2022-04-04,22.58386378968783,,,,,,2.42,2.0079402732521654
2022-04-05,22.29715148981063,,,,,,2.54,1.9448778125626527
2022-04-06,22.075580726399075,,,,,,2.6100000000000003,1.9198921572837735
2022-04-07,22.164555567175256,,,,,,2.6599999999999997,1.8517078795884214
2022-04-08,22.10343134246859,,,,,,2.7199999999999998,1.8041844332044628
2022-04-11,21.704151881743133,,,,,,2.79,1.817413390067406
2022-04-12,21.6328782687081,,,,,,2.7199999999999998,1.9025933857654866
2022-04-13,21.877302509704457,,,,,,2.7,1.8709474445325895
2022-04-14,21.614052564817047,,,,,,2.83,1.7966196355410986
2022-04-18,21.60853013188217,,,,,,2.85,1.7778020480650665
2022-04-19,21.953589936102187,,,,,,2.93,1.6250636725500756
2022-04-20,21.92496988368609,,,,,,2.85,1.7110096857833272
2022-04-21,21.607091489819293,,,,,,2.9000000000000004,1.7281101761020183
2022-04-22,21.04152399541928,,,,,,2.9000000000000004,1.8525074715011094
2022-04-25,21.130283018190504,,,,,,2.81,1.9225442784610425
2022-04-26,20.465626087244978,,,,,,2.77,2.116241914794101
2022-04-27,20.51755448657478,,,,,,2.82,2.0538752011324175
2022-04-28,21.090029652632683,,,,,,2.85,1.8915770222739794
2022-04-29,20.379894522590092,,,,,,2.8899999999999997,2.016796739755204
2022-05-02,20.601067601825957,,,,,,2.9899999999999998,1.8641173657979064
2022-05-03,20.750781091821374,,,,,,2.97,1.8490957033137216
2022-05-04,21.300561609785955,,,,,,2.93,1.7647118968946693
2022-05-05,20.439485972326274,,,,,,3.05,1.842490943040028
2022-05-06,20.34657103273373,,,,,,3.1199999999999997,1.794833061507965
2022-05-09,19.70542079812102,,,,,,3.05,2.0247457273044054
2022-05-10,19.706595329301543,,,,,,2.9899999999999998,2.0844432677983185
2022-05-11,19.336486669703294,,,,,,2.91,2.261570291343646
2022-05-12,19.310592649615042,,,,,,2.8400000000000003,2.3385049694988775
2022-05-13,19.77462267314877,,,,,,2.93,2.1269865050212213
2022-05-16,19.690544191762335,,,,,,2.88,2.1985798008485533
2022-05-17,20.07785685339425,,,,,,2.98,2.0006112639504434
2022-05-18,19.254433080264516,,,,,,2.8899999999999997,2.3036091591550623
2022-05-19,19.138645987674565,,,,,,2.8400000000000003,2.3850300290000015
2022-05-20,19.136753992925623,,,,,,2.78,2.445546612396621
2022-05-23,19.49340280380062,,,,,,2.86,2.2699406782125817
2022-05-24,19.317873381265684,,,,,,2.76,2.4165532378413443
2022-05-25,19.496967598204847,,,,,,2.75,2.3790027280553794
2022-05-26,19.863818180839004,,,,,,2.75,2.2842788626842045
2022-05-27,20.373407622595206,,,,,,2.74,2.1683590655249354
2022-05-31,20.252848122925815,,,,,,2.85,2.0875771443623283
2022-06-01,20.10475362546617,,,,,,2.94,2.033948045467844
2022-06-02,20.482864889718268,,,,,,2.92,1.9621295525996825
2022-06-03,20.149310940148084,,,,,,2.96,2.0029488719014763
2022-06-06,20.215978576032068,,,,,,3.04,1.9065822108932853
2022-06-07,20.40291905659168,,,,,,2.98,1.9212594581505464
2022-06-08,20.184289738314,,,,,,3.0300000000000002,1.9243482231222186
2022-06-09,19.687349461898943,,,,,,3.04,2.039403918416273
2022-06-10,19.115106793610988,,,,,,3.15,2.0814643637473105
2022-06-13,18.371085961113778,,,,,,3.4299999999999997,2.0133363499398342
2022-06-14,18.309085914987243,,,,,,3.49,1.971769116400461
2022-06-15,18.57910357507326,,,,,,3.3300000000000005,2.052391006967928
2022-06-16,17.97506179816358,,,,,,3.2800000000000002,2.2832632100445123
2022-06-17,18.018112802552068,,,,,,3.25,2.2999708041474856
2022-06-21,18.47145589244105,,,,,,3.3099999999999996,2.103758427180737
2022-06-22,18.44619667241794,,,,,,3.16,2.261171733982815
2022-06-23,18.620862133359743,,,,,,3.09,2.280320626607695
2022-06-24,19.192594451083902,,,,,,3.1300000000000003,2.0803429921822
2022-06-27,19.133489298764985,,,,,,3.2,2.0264382329079265
2022-06-28,18.742115215082258,,,,,,3.2,2.135577060134997
2022-06-29,18.727560950021942,,,,,,3.1,2.2397236440382717
2022-06-30,18.553776378870204,,,,,,2.98,2.4097383453367516
2022-07-01,18.738542059588823,,,,,,2.88,2.4565944736788285
2022-07-05,18.778380249590327,,,,,,2.82,2.505272929340198
2022-07-06,18.8442672210487,,,,,,2.93,2.3766536802397833
2022-07-07,19.127773708740563,,,,,,3.01,2.2179999503708236
2022-07-08,19.11285072163251,,,,,,3.09,2.142081883359082
2022-07-11,18.88635959649632,,,,,,2.9899999999999998,2.3048266440162126
2022-07-12,18.724021776628415,,,,,,2.96,2.3807329468512686
2022-07-13,18.642541387926418,,,,,,2.91,2.454075525923928
2022-07-14,18.587337076420532,,,,,,2.96,2.4200068072611485
2022-07-15,18.94111794566629,,,,,,2.93,2.349519418381527
2022-07-18,18.796190528363258,,,,,,2.96,2.360226981584435
2022-07-19,19.33282989187425,,,,,,3.01,2.162548486656412
2022-07-20,19.44422622108757,,,,,,3.04,2.1029148613560373
2022-07-21,19.64424647819048,,,,,,2.91,2.1805490373999543
2022-07-22,19.452035511464544,,,,,,2.77,2.3708501666091704
2022-07-25,19.46934234010579,,,,,,2.81,2.326280324888295
2022-07-26,19.23439737885967,,,,,,2.81,2.389019133810191
2022-07-27,19.75742574773514,,,,,,2.78,2.281388121955277
2022-07-28,19.99704218210658,,,,,,2.68,2.320739563848114
2022-07-29,20.52536683357354,,,,,,2.67,2.20202011105736
2022-08-01,20.515803563089904,,,,,,2.6,2.2742911625411817
2022-08-02,20.29783796836794,,,,,,2.75,2.1766330806187115
2022-08-03,20.506954349249998,,,,,,2.73,2.1463945292372144
2022-08-04,20.549895612096268,,,,,,2.68,2.1862047675384333
2022-08-05,20.561829643367574,,,,,,2.83,2.033380435225812
2022-08-08,21.39391766725572,,,,,,2.77,1.9042257100976951
2022-08-09,21.23157264705905,,,,,,2.8000000000000003,1.9099666926393115
2022-08-10,21.60830660201918,,,,,,2.78,1.8478499209491752
2022-08-11,21.597676921786878,,,,,,2.87,1.7601275994699215
2022-08-12,21.97239501297607,,,,,,2.8400000000000003,1.711165220766501
2022-08-15,22.064301045600985,,,,,,2.79,1.742207922350536
2022-08-16,22.110410400312684,,,,,,2.82,1.7027563934582512
2022-08-17,21.945239026143238,,,,,,2.8899999999999997,1.6667970292267302
2022-08-18,21.99481325415458,,,,,,2.88,1.666526439869231
2022-08-19,21.7073077012428,,,,,,2.98,1.6267435619514772
2022-08-22,21.242223066595297,,,,,,3.0300000000000002,1.6776052109280473
2022-08-23,21.191817828160843,,,,,,3.05,1.6688023609335936
2022-08-24,21.27017818867868,,,,,,3.11,1.5914180658451778
2022-08-25,21.576087389951958,,,,,,3.0300000000000002,1.6047606121844993
2022-08-26,20.863335140130236,,,,,,3.04,1.7530975238782345
2022-08-29,20.72559951091074,,,,,,3.1199999999999997,1.704950899362705
2022-08-30,20.498246295326954,,,,,,3.11,1.7684661165280908
2022-08-31,20.356618301467254,,,,,,3.15,1.7624072829322661
2022-09-01,20.421668594119083,,,,,,3.26,1.636759514978979
2022-09-02,20.19510269786502,,,,,,3.2,1.751695542037118
2022-09-06,20.114785214543527,,,,,,3.3300000000000005,1.641467452095751
2022-09-07,20.48586727186903,,,,,,3.27,1.6114140340213425
2022-09-08,20.61186268226615,,,,,,3.29,1.5615751119396455
2022-09-09,20.928569617900695,,,,,,3.3300000000000005,1.4481574099773948
2022-09-12,21.15078446310637,,,,,,3.37,1.3579570256333282
2022-09-13,20.24839007964931,,,,,,3.42,1.5186642398056733
2022-09-14,20.319432955106247,,,,,,3.4099999999999997,1.511397177811999
2022-09-15,20.089966732806204,,,,,,3.45,1.5276090388792705
2022-09-16,19.934530304128625,,,,,,3.45,1.5664211784457782
2022-09-19,20.0823758768365,,,,,,3.49,1.4894905051718714
2022-09-20,19.85874931021159,,,,,,3.5700000000000003,1.4655638433171054
2022-09-21,19.515303852346367,,,,,,3.51,1.6141836026025693
2022-09-22,19.375114339397765,,,,,,3.6999999999999997,1.461259863982217
2022-09-23,19.03834741007393,,,,,,3.6900000000000004,1.562556739619433
2022-09-26,18.846560724768057,,,,,,3.88,1.4260078950415869
2022-09-27,18.806598095378657,,,,,,3.9699999999999998,1.3472827692092268
2022-09-28,19.17752394675733,,,,,,3.7199999999999998,1.4944374986901634
2022-09-29,18.770210763326624,,,,,,3.7600000000000002,1.5675906840311424
2022-09-30,18.49529252430525,,,,,,3.83,1.5767812049248118
2022-10-03,18.965990309367324,,,,,,3.6700000000000004,1.602595755287815
2022-10-04,19.544868191217105,,,,,,3.62,1.4964325602838846
2022-10-05,19.497792324970785,,,,,,3.7600000000000002,1.3687857790920357
2022-10-06,19.32047967468703,,,,,,3.83,1.3458549313356993
2022-10-07,18.792009760146364,,,,,,3.8899999999999997,1.4314106035682022
2022-10-10,18.65542620487355,,,,,,,
2022-10-11,18.54087180358629,,,,,,3.93,1.463489640581916
2022-10-12,18.4776958994886,,,,,,3.91,1.5019301748421805
2022-10-13,18.96831528945694,,,,,,3.9699999999999998,1.3019494838628338
2022-10-14,18.520027238881116,,,,,,4.0,1.3995600929818872
2022-10-17,19.010250420251296,,,,,,4.02,1.2403199741899096
2022-10-18,19.237763747946506,,,,,,4.01,1.1881093702054786
2022-10-19,19.082592423434672,,,,,,4.14,1.1003781300277344
2022-10-20,18.920474837839485,,,,,,4.24,1.0452796167677425
2022-10-21,19.379448347520086,,,,,,4.21,0.9501056029438848
2022-10-24,19.583653581681386,,,,,,4.25,0.8562994748610304
2022-10-25,19.961554559335287,,,,,,4.1000000000000005,0.9096298713986508
2022-10-26,19.853147004232653,,,,,,4.04,0.9969848154894629
2022-10-27,19.817218752025273,,,,,,3.9600000000000004,1.086116776087978
2022-10-28,20.435420420516344,,,,,,4.02,0.8734642861374171
2022-10-31,20.290323078218094,,,,,,4.1000000000000005,0.828457748775385
2022-11-01,20.15916297211704,,,,,,4.07,0.8905234174808774
2022-11-02,19.529168639186427,,,,,,4.1000000000000005,1.0205456743992727
2022-11-03,19.332223021361955,,,,,,4.14,1.0327108615238298
2022-11-04,19.68311132636218,,,,,,4.17,0.9104976074116395
2022-11-07,20.075149078347632,,,,,,4.22,0.7612830584584094
2022-11-08,20.133596378969255,,,,,,4.14,0.8268225247852881
2022-11-09,19.66419728550813,,,,,,4.12,0.9653842924824971
2022-11-10,20.74946311652398,,,,,,3.82,0.9994018051659519
2022-11-11,20.942874631020317,,,,,,,
2022-11-14,20.76943174419408,,,,,,3.88,0.9347682243619477
2022-11-15,20.95688997822963,,,,,,3.8,0.9717003860726328
2022-11-16,20.784082217916737,,,,,,3.6700000000000004,1.141374346556225
2022-11-17,20.72067139870558,,,,,,3.7699999999999996,1.056098444196505
2022-11-18,20.843992942155264,,,,,,3.82,0.9775452821113855
2022-11-21,20.756214854246267,,,,,,3.83,0.9878341138891322
2022-11-22,21.025774883002065,,,,,,3.7600000000000002,0.996067282012199
2022-11-23,21.176193014726845,,,,,,3.71,1.0122841202125263
2022-11-25,21.177544888884192,,,,,,3.6799999999999997,1.0419826719615957
2022-11-28,20.85638318258521,,,,,,3.6900000000000004,1.1046951839424688
2022-11-29,20.822483991054344,,,,,,3.75,1.0525009908981806
2022-11-30,21.46515299201262,,,,,,3.6799999999999997,0.9787135920815899
2022-12-01,21.516313765244327,,,,,,3.53,1.1176362582856423
2022-12-02,21.493071089673755,,,,,,3.51,1.1426622269464568
2022-12-05,21.10598593625792,,,,,,3.5999999999999996,1.1379923544917299
2022-12-06,20.83960168519688,,,,,,3.51,1.28855620614062
2022-12-07,20.79698600730598,,,,,,3.42,1.3883890600719742
2022-12-08,20.984669256958465,,,,,,3.4799999999999995,1.285383660590231
2022-12-09,20.831750592955473,,,,,,3.5700000000000003,1.2303646910892017
2022-12-12,21.12564211294323,,,,,,3.61,1.1235839292066836
2022-12-13,21.23620435545676,,,,,,3.51,1.1989394284484955
2022-12-14,21.10882053707861,,,,,,3.49,1.2473561125476156
2022-12-15,20.570551205791123,,,,,,3.44,1.4213184449742653
2022-12-16,20.326850345160317,,,,,,3.4799999999999995,1.4396013303560986
2022-12-19,20.156275627975585,,,,,,3.5700000000000003,1.3912340020398695
2022-12-20,20.17866233238099,,,,,,3.6900000000000004,1.2657298869870353
2022-12-21,20.47992634455523,,,,,,3.6799999999999997,1.2028300608896423
2022-12-22,20.1652561483541,,,,,,3.6700000000000004,1.2890245352852632
2022-12-23,20.283438841534647,,,,,,3.75,1.1801304764569194
2022-12-27,20.199156480462467,,,,,,3.84,1.1107017828553634
2022-12-28,19.94427344731669,,,,,,3.88,1.133970564741432
2022-12-29,20.29201722226559,,,,,,3.83,1.0980462806957485
2022-12-30,20.24252775104252,,,,,,3.88,1.0600944995542791
2023-01-03,20.15951934879119,,,,,,3.7900000000000005,1.1704357261621028
2023-01-04,20.28876350549971,,,,,,3.6900000000000004,1.238836593363259
2023-01-05,20.140946161617546,,,,,,3.71,1.255010044591116
2023-01-06,20.602345508543323,,,,,,3.55,1.3038162782743488
2023-01-09,20.588308302128127,,,,,,3.53,1.3271256332732997
2023-01-10,20.730764977374925,,,,,,3.61,1.2137486705935685
2023-01-11,21.000313732406244,,,,,,3.54,1.2218336218323662
2023-01-12,21.068752109080105,,,,,,3.4299999999999997,1.3163655883493215
2023-01-13,21.154431351645606,,,,,,3.49,1.2371419561093981
2023-01-17,21.109342122665485,,,,,,3.53,1.207239058370663
2023-01-18,20.78183047688143,,,,,,3.37,1.4418956658434947
2023-01-19,20.626554690958134,,,,,,3.39,1.4581194023079402
2023-01-20,21.01559685917673,,,,,,3.4799999999999995,1.278370683930099
2023-01-23,21.26510848182063,,,,,,3.52,1.182538907125219
2023-01-24,21.27835981752864,,,,,,3.46,1.239610348614475
2023-01-25,21.26820069907438,,,,,,3.46,1.241855197574477
2023-01-26,21.513690125649482,,,,,,3.49,1.1582030472669116
2023-01-27,21.585530459533764,,,,,,3.52,1.112733033245084
2023-01-30,21.30718195755348,,,,,,3.55,1.1432532044459123
2023-01-31,21.596301747939147,,,,,,3.52,1.1104224291338505
2023-02-01,21.84347697425342,,,,,,3.39,1.1880257473601161
2023-02-02,22.26179096367869,,,,,,3.4000000000000004,1.0920015718032472
2023-02-03,22.523290126613496,,,,,,3.53,0.9098486827570587
2023-02-06,22.403515105952835,,,,,,3.63,0.8335852689665213
2023-02-07,22.69458161098827,,,,,,3.6700000000000004,0.7363381169178269
2023-02-08,22.39892635417942,,,,,,3.63,0.8344997005109125
2023-02-09,22.21542840341676,,,,,,3.6700000000000004,0.8313761690330437
2023-02-10,22.1647278061092,,,,,,3.74,0.7716728197509051
2023-02-13,22.838314569656134,,,,,,3.7199999999999998,0.6586068229773776
2023-02-14,22.815821542373165,,,,,,3.7699999999999996,0.6129234820355549
2023-02-15,22.846643206978378,,,,,,3.81,0.5670106222631239
2023-02-16,22.587772286781092,,,,,,3.8600000000000003,0.5671740803108056
2023-02-17,22.59356618871942,,,,,,3.82,0.6060387742563758
2023-02-21,22.23850067792655,,,,,,3.95,0.5467060256565688
2023-02-22,22.063009107269675,,,,,,3.93,0.602473313762554
2023-02-23,22.130468347877464,,,,,,3.88,0.6386571936960843
2023-02-24,22.09547680979516,,,,,,3.95,0.5758131725706388
2023-02-27,22.741404518329915,,,,,,3.92,0.47726578538271447
2023-02-28,22.6646241025346,,,,,,3.92,0.4921622996084434
2023-03-01,22.61021957328513,,,,,,4.01,0.4127788091962614
2023-03-02,22.775883988849678,,,,,,4.08,0.3106089462414152
2023-03-03,23.14432901398956,,,,,,3.9699999999999998,0.35071285970550914
2023-03-06,23.162807392871315,,,,,,3.9800000000000004,0.3372659645210545
2023-03-07,22.810720167756195,,,,,,3.9699999999999998,0.41390367619141344
2023-03-08,22.83312033057984,,,,,,3.9800000000000004,0.3996028993055516
2023-03-09,22.41318742662928,,,,,,3.93,0.5316590267383936
2023-03-10,22.11224875879698,,,,,,3.6999999999999997,0.8223803825116032
2023-03-13,22.08794678603345,,,,,,3.55,0.9773560720108012
2023-03-14,22.4595911931016,,,,,,3.64,0.812440792008482
2023-03-15,22.307174992557034,,,,,,3.51,0.9728625782227374
2023-03-16,22.69794991315049,,,,,,3.56,0.8456842306301451
2023-03-17,22.416017673904,,,,,,3.39,1.0710956974938841
2023-03-20,22.599209681591983,,,,,,3.47,0.9549335002831643
2023-03-21,22.896092405492684,,,,,,3.5900000000000003,0.7775574953571716
2023-03-22,22.522116874917177,,,,,,3.4799999999999995,0.9600799691866335
2023-03-23,22.593965812175064,,,,,,3.38,1.0459604901284596
2023-03-24,22.71566000308275,,,,,,3.38,1.0222493727423707
2023-03-27,22.75732273190659,,,,,,3.53,0.8641900010846348
2023-03-28,22.72310741216495,,,,,,3.55,0.8508065528249196
2023-03-29,23.09389393885907,,,,,,3.5700000000000003,0.7601489244191271
2023-03-30,23.22671667570536,,,,,,3.55,0.755386826567606
2023-03-31,23.56589201316872,,,,,,3.4799999999999995,0.7634209553417106
2023-04-03,23.64967631066925,,,,,,3.4299999999999997,0.798387682197844
2023-04-04,23.514122689251842,,,,,,3.35,0.9027633848618719
2023-04-05,23.452193356093147,,,,,,3.3000000000000003,0.9639934986728584
2023-04-06,23.54027847137265,,,,,,3.3000000000000003,0.9480381071791517
2023-04-10,23.559256758067786,,,,,,3.4099999999999997,0.8346160771075835
2023-04-11,23.557161614460526,,,,,,3.4299999999999997,0.814993587793496
2023-04-12,23.459846899534398,,,,,,3.4099999999999997,0.8526024128906262
2023-04-13,23.767031416576756,,,,,,3.45,0.7575090593877514
2023-04-14,23.721762954243786,,,,,,3.52,0.6955382883172327
2023-04-17,23.798852834354932,,,,,,3.5999999999999996,0.6018832040359774
2023-04-18,23.817297700423016,,,,,,3.58,0.6186291332380627
2023-04-19,23.80233152199826,,,,,,3.5999999999999996,0.6012691028851274
2023-04-20,23.64702124226522,,,,,,3.54,0.6888624421441376
2023-04-21,23.712462543850965,,,,,,3.5700000000000003,0.6471916904485173
2023-04-24,23.750509459328452,,,,,,3.52,0.6904359980675339
2023-04-25,23.254565908313793,,,,,,3.4000000000000004,0.9002307759375876
2023-04-26,23.168083185739924,,,,,,3.4299999999999997,0.886282844734886
2023-04-27,23.461672841462978,,,,,,3.53,0.7322706690919998
2023-04-28,23.809587977268897,,,,,,3.44,0.7599886808402725
2023-05-01,23.788397573762108,,,,,,3.5900000000000003,0.6137299776045873
2023-05-02,23.351972020568947,,,,,,3.44,0.8422935858229761
2023-05-03,23.09570310348953,,,,,,3.38,0.9498097291911849
2023-05-04,23.047386886426697,,,,,,3.37,0.9688866812876311
2023-05-05,23.639117703276067,,,,,,3.44,0.7902763265204835
2023-05-08,23.210676340427472,,,,,,3.52,0.7883621749454925
2023-05-09,23.151106490155186,,,,,,3.53,0.7894479729305455
2023-05-10,23.317281677326672,,,,,,3.4299999999999997,0.858664578651906
2023-05-11,23.286933610635064,,,,,,3.39,0.9042536648247386
2023-05-12,23.243453921100702,,,,,,3.46,0.8422865852660015
2023-05-15,23.30473700090604,,,,,,3.5000000000000004,0.7909731183026092
2023-05-16,23.16043165496245,,,,,,3.54,0.7777088186339389
2023-05-17,23.433690859619702,,,,,,3.5700000000000003,0.6973602122283378
2023-05-18,23.654898495665705,,,,,,3.65,0.5774542001658998
2023-05-19,23.64465399584054,,,,,,3.6999999999999997,0.5292858257765816
2023-05-22,23.646973114507876,,,,,,3.7199999999999998,0.5088710489820816
2023-05-23,23.377759949001174,,,,,,3.6999999999999997,0.5775698021603026
2023-05-24,23.206279992494462,,,,,,3.73,0.5791783789708087
2023-05-25,23.39466114255339,,,,,,3.83,0.4444795229415144
2023-05-26,23.695612068410632,,,,,,3.8,0.42019062902001014
2023-05-30,23.697874904206525,,,,,,3.6900000000000004,0.5297876562446255
2023-05-31,23.559697379528632,,,,,,3.64,0.6045366928563127
2023-06-01,23.774726218672612,,,,,,3.61,0.5961472792675209
2023-06-02,24.123567075444313,,,,,,3.6900000000000004,0.45532393518996894
2023-06-05,24.078319776500145,,,,,,3.6900000000000004,0.463113710932503
2023-06-06,24.138261055921323,,,,,,3.6999999999999997,0.44280050117649816
2023-06-07,24.022897970540264,,,,,,3.7900000000000005,0.37269511374655506
2023-06-08,24.17496935188708,,,,,,3.73,0.40650989767207646
2023-06-09,24.204331278823435,,,,,,3.75,0.3814919568751236
2023-06-12,24.439547493382385,,,,,,3.73,0.36172878618466564
2023-06-13,24.606834612594913,,,,,,3.84,0.2239115747466105
2023-06-14,24.632653935929582,,,,,,3.83,0.22965188566784533
2023-06-15,24.932635228516556,,,,,,3.7199999999999998,0.2908074851881519
2023-06-16,24.83972224724965,,,,,,3.7699999999999996,0.2558099106189644
2023-06-20,24.80957753122347,,,,,,3.74,0.2907014448008036
2023-06-21,24.67911320936208,,,,,,3.7199999999999998,0.33200945235198986
2023-06-22,24.77749228135277,,,,,,3.8,0.2359209424619113
2023-06-23,24.589787128134823,,,,,,3.74,0.32672898300869324
2023-06-26,24.472700784367618,,,,,,3.7199999999999998,0.36618570059406075
2023-06-27,24.755529838653217,,,,,,3.7699999999999996,0.2695015033715933
2023-06-28,24.72669243489532,,,,,,3.71,0.33421255545185335
2023-06-29,24.906842749818615,,,,,,3.85,0.16496090871366098
2023-06-30,25.227197781223342,,,,,,3.81,0.15397574027941419
2023-07-03,25.2587713215868,,,,,,3.8600000000000003,0.09902075864384585
2023-07-05,25.211381583558584,,,,,,3.95,0.016462514898995195
2023-07-06,25.011859112703696,,,,,,4.05,-0.05189655837261187
2023-07-07,24.93751106604174,,,,,,4.06,-0.04997671679538929
2023-07-10,24.992730808207277,,,,,,4.01,-0.008836591031447405
2023-07-11,25.159925236995175,,,,,,3.9899999999999998,-0.015425391449100267
2023-07-12,25.346848144452398,,,,,,3.8600000000000003,0.08526370419300999
2023-07-13,25.526611933800318,,,,,,3.7600000000000002,0.1574803244291072
2023-07-14,25.503029770793862,,,,,,3.83,0.09110274342855806
2023-07-17,25.582566092414663,,,,,,3.81,0.09891201604871114
2023-07-18,25.759875975966665,,,,,,3.8,0.08200626793768562
2023-07-19,25.77327813076068,,,,,,3.75,0.1299876171222838
2023-07-20,25.587893493071277,,,,,,3.85,0.05809818037886272
2023-07-21,25.587464162718398,,,,,,3.84,0.06816375409731323
2023-07-24,25.690559563862514,,,,,,3.8600000000000003,0.03248041684013936
2023-07-25,25.83788746479259,,,,,,3.91,-0.03971454666087837
2023-07-26,25.775708653570128,,,,,,3.8600000000000003,0.019621753334384096
2023-07-27,25.446562171784507,,,,,,4.01,-0.08019607108730131
2023-07-28,25.65101037858137,,,,,,3.9600000000000004,-0.06151808743174758
2023-07-31,25.657660876010084,,,,,,3.9699999999999998,-0.07252857876455865
2023-08-01,25.701488270095776,,,,,,4.05,-0.15917473147451489
2023-08-02,25.45014440879814,,,,,,4.08,-0.15074921093846871
2023-08-03,25.466896573543067,,,,,,4.2,-0.273333878306651
2023-08-04,25.27934161227237,,,,,,4.05,-0.09420077335190635
2023-08-07,24.409653337879895,,,,,,4.09,0.006739868272357619
2023-08-08,24.346908878136762,,,,,,4.02,0.08729758346443894
2023-08-09,24.332064266956166,,,,,,4.0,0.10980338136800238
2023-08-10,24.3497540083159,,,,,,4.09,0.016817669116826472
2023-08-11,24.32287113070647,,,,,,4.16,-0.04864326655274098
2023-08-14,24.461135999277104,,,,,,4.19,-0.10188242430951355
2023-08-15,24.189942893773143,,,,,,4.21,-0.07605059635169642
2023-08-16,24.006375943386406,,,,,,4.279999999999999,-0.11443997395411376
2023-08-17,23.815029119305148,,,,,,4.3,-0.10097091214819809
2023-08-18,23.80957880268755,,,,,,4.26,-0.060009700771678
2023-08-21,23.971835806557998,,,,,,4.34,-0.16843797166994978
2023-08-22,23.961579930804618,,,,,,4.34,-0.16665248749137707
2023-08-23,24.2256106228823,,,,,,4.19,-0.062137071932255594
2023-08-24,23.889993473950497,,,,,,4.2299999999999995,-0.044147035701813664
2023-08-25,24.033486171775746,,,,,,4.25,-0.08913880469670676
2023-08-28,24.10252519653146,,,,,,4.2,-0.05105713261983169
2023-08-29,24.454595237408167,,,,,,4.12,-0.030788993676325482
2023-08-30,24.551372571654674,,,,,,4.12,-0.04690796784807372
2023-08-31,24.488274405429515,,,,,,4.09,-0.006412959753991032
2023-09-01,24.48202827138787,,,,,,4.18,-0.09537110849308394
2023-09-05,24.383014306868343,,,,,,4.2700000000000005,-0.16878434464801018
2023-09-06,24.208292944480498,,,,,,4.3,-0.16918415811718557
2023-09-07,24.12007965489495,,,,,,4.2700000000000005,-0.12407670991227882
2023-09-08,24.156550349013717,,,,,,4.26,-0.12033607633538246
2023-09-11,24.338527291054177,,,,,,4.29,-0.1812879647916983
2023-09-12,24.177066100632796,,,,,,4.2700000000000005,-0.13384883989779706
2023-09-13,24.212730293397236,,,,,,4.25,-0.11994119257712121
2023-09-14,24.414265490502117,,,,,,4.29,-0.19403405587184253
2023-09-15,24.130869771381906,,,,,,4.33,-0.18593055917962165
2023-09-18,24.145480648053404,,,,,,4.32,-0.1784382122017547
2023-09-19,24.095366107577195,,,,,,4.37,-0.21982442044931982
2023-09-20,23.867567803220105,,,,,,4.35,-0.16021406016458606
2023-09-21,23.469325885363933,,,,,,4.49,-0.22911920229619653
2023-09-22,23.4122889137022,,,,,,4.44,-0.16873885297586977
2023-09-25,23.505193313922835,,,,,,4.55,-0.2956210351281392
2023-09-26,23.159440253588457,,,,,,4.5600000000000005,-0.24210635036805694
2023-09-27,23.1593362728343,,,,,,4.61,-0.29208696389545796
2023-09-28,23.294708653157603,,,,,,4.590000000000001,-0.2971796222510399
2023-09-29,23.205975685078585,,,,,,4.590000000000001,-0.28076511338845034
2023-10-02,23.18726621165196,,,,,,4.6899999999999995,-0.37728805339939253
2023-10-03,22.867283435866334,,,,,,4.81,-0.4369401094161285
2023-10-04,23.05825607810487,,,,,,4.73,-0.39315858140912496
2023-10-05,22.996106777579076,,,,,,4.72,-0.3714378295764922
2023-10-06,23.306323354335404,,,,,,4.78,-0.4893189483532092
2023-10-09,23.45059995025276,,,,,,,
2023-10-10,23.574755470398784,,,,,,4.66,-0.41817445378964013
2023-10-11,23.670594898949457,,,,,,4.58,-0.3553491018327479
2023-10-12,23.515947162641417,,,,,,4.7,-0.44756656372893744
2023-10-13,23.395846363598338,,,,,,4.63,-0.35573701990152085
2023-10-16,23.64661335046379,,,,,,4.71,-0.48106461217463714
2023-10-17,23.646831383079082,,,,,,4.83,-0.6011036045380349
2023-10-18,23.330842854696453,,,,,,4.91,-0.6238282306046141
2023-10-19,23.1447623801767,,,,,,4.9799999999999995,-0.6593680420046484
2023-10-20,22.828568585207584,,,,,,4.93,-0.5495238599060555
2023-10-23,22.82642069725873,,,,,,4.859999999999999,-0.47911167211558414
2023-10-24,23.043965610259708,,,,,,4.83,-0.490469135768989
2023-10-25,22.574945556727066,,,,,,4.95,-0.5203104688019424
2023-10-26,22.0349001275377,,,,,,4.859999999999999,-0.32174480387016136
2023-10-27,21.54179257214525,,,,,,4.84,-0.19786078781087024
2023-10-30,21.843327329418308,,,,,,4.88,-0.30194288938199865
2023-10-31,22.060790448866957,,,,,,4.88,-0.34707085442915275
2023-11-01,22.136598170010252,,,,,,4.77,-0.2525940629181287
2023-11-02,22.573851751033175,,,,,,4.67,-0.24009583021545566
2023-11-03,22.83589584111988,,,,,,4.569999999999999,-0.1909294044889993
2023-11-06,23.019426264467274,,,,,,4.67,-0.3258430757086357
2023-11-07,23.13272293561301,,,,,,4.58,-0.25711936556983517
2023-11-08,23.278710365384544,,,,,,4.49,-0.19422938253916122
2023-11-09,23.07658434466045,,,,,,4.62,-0.28660305934147523
2023-11-10,23.433474268789052,,,,,,4.61,-0.3426003454302302
2023-11-13,23.38984907653313,,,,,,4.63,-0.35464107516070786
2023-11-14,23.832070284074035,,,,,,4.44,-0.24397343545827965
2023-11-15,23.855596299219687,,,,,,4.53,-0.3381114910855958
2023-11-16,23.871248800036888,,,,,,4.45,-0.2608601339765073
2023-11-17,23.901051305592432,,,,,,4.44,-0.2560836223718024
2023-11-20,24.076984065564428,,,,,,4.42,-0.266655888142453
2023-11-21,23.907075657436405,,,,,,4.41,-0.22713792883344386
2023-11-22,24.001243360983864,,,,,,4.42,-0.2535491834327708
2023-11-24,24.015170923011596,,,,,,4.47,-0.3059655102775505
2023-11-27,23.96720214730985,,,,,,4.390000000000001,-0.2176314696488557
2023-11-28,23.990597661574675,,,,,,4.34,-0.17170034316534455
2023-11-29,23.93934546937585,,,,,,4.2700000000000005,-0.09277635251457017
2023-11-30,23.978635384890495,,,,,,4.37,-0.19962089398079907
2023-12-01,24.117329989765533,,,,,,4.22,-0.07360402488848639
2023-12-04,23.986339971543668,,,,,,4.279999999999999,-0.11096045004633481
2023-12-05,23.974882004997298,,,,,,4.18,-0.00896800162953415
2023-12-06,23.880389317203893,,,,,,4.12,0.0675364204367499
2023-12-07,24.077156200074093,,,,,,4.14,0.013314418406783268
2023-12-08,24.16958299497285,,,,,,4.2299999999999995,-0.09256825279941694
2023-12-11,24.258696419835655,,,,,,4.2299999999999995,-0.1077669554315861
2023-12-12,24.347549089620955,,,,,,4.2,-0.09281041669082413
2023-12-13,24.678189818688573,,,,,,4.04,0.0121610675135857
2023-12-14,24.77502217583396,,,,,,3.92,0.11632332961307945
2023-12-15,24.76635988875774,,,,,,3.91,0.12773507488249258
2023-12-18,24.916874935225174,,,,,,3.95,0.06334438046358848
2023-12-19,25.06206467724917,,,,,,3.93,0.06009424354322812
2023-12-20,24.691860796286974,,,,,,3.8600000000000003,0.18991753456821048
2023-12-21,24.96165216722952,,,,,,3.8899999999999997,0.11614507926215367
2023-12-22,24.98762146114585,,,,,,3.9,0.10198154736310494
2023-12-26,25.091107631713545,,,,,,3.8899999999999997,0.09547570987286536
2023-12-27,25.124818395457822,,,,,,3.7900000000000005,0.19012827101979912
2023-12-28,25.13350371057465,,,,,,3.84,0.13875286914040874
2023-12-29,25.060820821001894,,,,,,3.88,0.11029228588539741
2024-01-02,24.92142178651892,,,,,,3.95,0.062612155783758
2024-01-03,24.72354638888061,,,,,,3.91,0.13472717736703377
2024-01-04,24.581400634997845,,,,,,3.9899999999999998,0.07811643831331105
2024-01-05,24.62030964725089,,,,,,4.05,0.011687339954557174
2024-01-08,24.966540543315606,,,,,,4.01,-0.004639312302584742
2024-01-09,24.930988900369197,,,,,,4.02,-0.008927659483289219
2024-01-10,25.07331430450765,,,,,,4.04,-0.051695989388123476
2024-01-11,25.055024648133294,,,,,,3.9800000000000004,0.01121539109922276
2024-01-12,25.073835788791275,,,,,,3.9600000000000004,0.028221062080292736
2024-01-16,24.97603478291506,,,,,,4.07,-0.06616188601701811
2024-01-17,24.830906653433786,,,,,,4.1000000000000005,-0.0727608260260082
2024-01-18,25.05145979538524,,,,,,4.14,-0.14821665416794882
2024-01-19,25.35587282923976,,,,,,4.15,-0.2061404975701535
2024-01-22,25.409237031139906,,,,,,4.109999999999999,-0.17442334819237093
2024-01-23,25.491526389530005,,,,,,4.14,-0.21712780820090627
2024-01-24,25.510996791388788,,,,,,4.18,-0.26012180716690336
2024-01-25,25.678443188388897,,,,,,4.14,-0.24568291596363911
2024-01-26,25.553409902247687,,,,,,4.15,-0.236627953664847
2024-01-29,25.69188051443486,,,,,,4.08,-0.18771971542466614
2024-01-30,25.57928078657588,,,,,,4.06,-0.15058593811283183
2024-01-31,25.030222154860116,,,,,,3.9899999999999998,0.005170293787545077
2024-02-01,25.342256956993538,,,,,,3.8699999999999997,0.07597845683999571
2024-02-02,25.27330481195423,,,,,,4.03,-0.07325588821687612
2024-02-05,25.19432475010983,,,,,,4.17,-0.2008521465905102
2024-02-06,25.24182508755193,,,,,,4.09,-0.12832133163321657
2024-02-07,25.507520785982237,,,,,,4.09,-0.16958763068202964
2024-02-08,25.514971739352255,,,,,,4.15,-0.2307324804609534
2024-02-09,25.775959303379498,,,,,,4.17,-0.29041597276695885
2024-02-12,25.758907453791885,,,,,,4.17,-0.2878477705474527
2024-02-13,25.37944681952661,,,,,,4.31,-0.36980379670602836
2024-02-14,25.656272761142812,,,,,,4.2700000000000005,-0.3723177087728442
2024-02-15,25.85443080967059,,,,,,4.24,-0.37219100678882455
2024-02-16,25.768401739341627,,,,,,4.3,-0.4192781371719265
2024-02-20,25.70396945926065,,,,,,4.2700000000000005,-0.3795503105660636
2024-02-21,25.549235158904484,,,,,,4.32,-0.4059885089300712
2024-02-22,26.26387096682578,,,,,,4.33,-0.5224881474512562
2024-02-23,25.867038560245877,,,,,,4.26,-0.39407620021541945
2024-02-26,25.31381421506973,,,,,,4.279999999999999,-0.32958781989999864
2024-02-27,25.43692480148585,,,,,,4.31,-0.378707173511843
2024-02-28,25.51613701593812,,,,,,4.2700000000000005,-0.35091146643643256
2024-02-29,25.665672110678074,,,,,,4.25,-0.3537451281708104
2024-03-01,25.874381324244098,,,,,,4.19,-0.32517329180347376
2024-03-04,25.83742498766697,,,,,,4.22,-0.34964527046587657
2024-03-05,25.578390965780358,,,,,,4.130000000000001,-0.22044993745762254
2024-03-06,25.681187862517756,,,,,,4.109999999999999,-0.21609912067376946
2024-03-07,25.94360788469919,,,,,,4.09,-0.23548599237127732
2024-03-08,25.776791291550722,,,,,,4.09,-0.21054119269768723
2024-03-11,25.747067628160636,,,,,,4.1000000000000005,-0.21606255732882618
2024-03-12,26.039624148263282,,,,,,4.16,-0.3196987947819703
2024-03-13,25.991135886304566,,,,,,4.19,-0.34253444722696
2024-03-14,25.950884693746506,,,,,,4.29,-0.4365668249800585
2024-03-15,25.79261314597635,,,,,,4.31,-0.43292095283102316
2024-03-18,25.998484672309882,,,,,,4.34,-0.4936219798799786
2024-03-19,26.143280057566272,,,,,,4.3,-0.4749252664621766
2024-03-20,26.407152757356997,,,,,,4.2700000000000005,-0.4831472136033246
2024-03-21,26.42779025896275,,,,,,4.2700000000000005,-0.4861043727034322
2024-03-22,26.38704708030775,,,,,,4.22,-0.43026181157540444
2024-03-25,26.307776533727928,,,,,,4.25,-0.4488425790452175
2024-03-26,26.234534661524066,,,,,,4.24,-0.42823046453111324
2024-03-27,26.459100181715602,,,,,,4.2,-0.42058198074685915
2024-03-28,26.58483552399129,,,,,,4.2,-0.4384570741558389
2024-04-01,26.512705045096677,,,,,,4.33,-0.5582234185495065
2024-04-02,26.28726729333864,,,,,,4.36,-0.5558769283964096
2024-04-03,26.31662160420249,,,,,,4.36,-0.5601201558473963
2024-04-04,25.998140015071897,,,,,,4.31,-0.46357098846198097
2024-04-05,26.273607266667636,,,,,,4.390000000000001,-0.58389911004469
2024-04-08,26.264397862623504,,,,,,4.42,-0.6125645307746197
2024-04-09,26.300171135814526,,,,,,4.36,-0.5577433727104548
2024-04-10,26.048941800239263,,,,,,4.55,-0.7110724624874591
2024-04-11,26.24347273164209,,,,,,4.5600000000000005,-0.7495286869016877
2024-04-12,25.865847712273478,,,,,,4.5,-0.633898215423673
2024-04-15,25.55555663814388,,,,,,4.63,-0.7169566875040654
2024-04-16,25.500861715094896,,,,,,4.67,-0.7485638886545418
2024-04-17,25.352974160348438,,,,,,4.590000000000001,-0.6456895862577712
2024-04-18,25.290281567392476,,,,,,4.64,-0.6859119550122754
2024-04-19,25.046590288259825,,,,,,4.62,-0.6274405797713176
2024-04-22,25.246590309272154,,,,,,4.62,-0.6590690871521914
2024-04-23,25.614274469018,,,,,,4.61,-0.7059268972870583
2024-04-24,25.671298705211214,,,,,,4.65,-0.754599103133796
2024-04-25,25.587563445891252,,,,,,4.7,-0.7918514101014336
2024-04-26,25.659832358253215,,,,,,4.67,-0.7728584051588299
2024-04-29,25.794774448485978,,,,,,4.63,-0.7532458070254808
2024-04-30,25.391136361174983,,,,,,4.6899999999999995,-0.7516177796237677
2024-05-01,25.120773256703664,,,,,,4.63,-0.6492308183302336
2024-05-02,25.407020932455882,,,,,,4.58,-0.6440800719671844
2024-05-03,25.670148575925786,,,,,,4.5,-0.6044245729928139
2024-05-06,26.226256570008665,,,,,,4.49,-0.6770273123783843
2024-05-07,26.182949809009827,,,,,,4.47,-0.650720631959163
2024-05-08,26.285703023003613,,,,,,4.4799999999999995,-0.675650543853203
2024-05-09,26.51148091768511,,,,,,4.45,-0.678049262487912
2024-05-10,26.56262864472515,,,,,,4.5,-0.7353123503890058
2024-05-13,26.560681424568727,,,,,,4.4799999999999995,-0.7150363531148094
2024-05-14,26.689455113892443,,,,,,4.45,-0.7032018891630418
2024-05-15,26.99671159569417,,,,,,4.36,-0.6558451570838923
2024-05-16,26.963070602854263,,,,,,4.38,-0.6712235971590648
2024-05-17,26.99823961029627,,,,,,4.42,-0.7160548004817624
2024-05-20,27.01806968766762,,,,,,4.44,-0.7387733336980427
2024-05-21,27.10967198938989,,,,,,4.41,-0.7212796038573348
2024-05-22,27.078998727866928,,,,,,4.43,-0.7371012704361823
2024-05-23,26.87176104889748,,,,,,4.47,-0.7486212701864248
2024-05-24,27.05778620744149,,,,,,4.46,-0.7642061448287376
2024-05-28,27.061480229663744,,,,,,4.54,-0.8447106384674448
2024-05-29,26.64733088426128,,,,,,4.61,-0.8572789325754564
2024-05-30,26.495259124932286,,,,,,4.55,-0.7757398756331062
2024-05-31,26.703750248625283,,,,,,4.51,-0.76520763679446
2024-06-03,26.737572580317618,,,,,,4.41,-0.6699447014268904
2024-06-04,26.782160645674196,,,,,,4.33,-0.5961713024952746
2024-06-05,27.0959224149872,,,,,,4.29,-0.5994077969204565
2024-06-06,27.096343849013255,,,,,,4.279999999999999,-0.5894651973261835
2024-06-07,27.012174877159907,,,,,,4.43,-0.7279656227327767
2024-06-10,27.077912214744234,,,,,,4.47,-0.7769530912524023
2024-06-11,27.151539770243733,,,,,,4.390000000000001,-0.706967625180754
2024-06-12,27.38132042625076,,,,,,4.31,-0.6578751775561211
2024-06-13,27.46609640312229,,,,,,4.24,-0.599147709514622
2024-06-14,27.45389406892656,,,,,,4.2,-0.5575294729069387
2024-06-17,27.669887017212506,,,,,,4.279999999999999,-0.6659628361404808
2024-06-18,27.718922178913076,,,,,,4.22,-0.6123561185191351
2024-06-20,27.66431036256468,,,,,,4.25,-0.6352343076905358
2024-06-21,27.62825740017756,,,,,,4.25,-0.6305172888190436
2024-06-24,27.552154148834653,,,,,,4.25,-0.6205197256153707
2024-06-25,27.65605681343361,,,,,,4.2299999999999995,-0.6141555332853468
2024-06-26,27.700283015253984,,,,,,4.32,-0.7099285814180303
2024-06-27,27.68395960519246,,,,,,4.29,-0.6777999597556197
2024-06-28,27.56048717440503,,,,,,4.36,-0.7316171137617502
2024-07-01,27.638097518551156,,,,,,4.4799999999999995,-0.8618059498169752
2024-07-02,27.817055742062717,,,,,,4.43,-0.8350832364408705
2024-07-03,27.941346346800092,,,,,,4.36,-0.7810743906600539
2024-07-05,28.10430388707096,,,,,,4.279999999999999,-0.7218261202333571
2024-07-08,28.127097218856957,,,,,,4.279999999999999,-0.7247095545658349
2024-07-09,28.15098543772318,,,,,,4.3,-0.7477264847007112
2024-07-10,28.431620545400943,,,,,,4.279999999999999,-0.7627893000219479
2024-07-11,28.189660742333487,,,,,,4.2,-0.652600089300607
2024-07-12,28.34229021447953,,,,,,4.18,-0.6517036187530132
2024-07-15,28.42597044248501,,,,,,4.2299999999999995,-0.7120901997934403
2024-07-16,28.601860256089076,,,,,,4.17,-0.673723914995672
2024-07-17,28.20165423420469,,,,,,4.16,-0.6141087139947312
2024-07-18,27.97085075817862,,,,,,4.2,-0.6248495383802299
2024-07-19,27.73759826878118,,,,,,4.25,-0.6447851926116273
2024-07-22,28.029448304532327,,,,,,4.26,-0.6923236435648956
2024-07-23,27.959981639148378,,,,,,4.25,-0.6734597400455997
2024-07-24,27.23796187854403,,,,,,4.279999999999999,-0.6086533535105532
2024-07-25,27.08529783703488,,,,,,4.2700000000000005,-0.5779601117302193
2024-07-26,27.24124820914909,,,,,,4.2,-0.5290962575490736
2024-07-29,27.272841973567346,,,,,,4.17,-0.503348754159199
2024-07-30,27.136003627813842,,,,,,4.15,-0.4648589832328125
2024-07-31,27.517554288876354,,,,,,4.09,-0.45595611113507184
2024-08-01,27.097610861866027,,,,,,3.9899999999999998,-0.29963775700505835
2024-08-02,26.473513335958973,,,,,,3.8,-0.022639634907467787
2024-08-05,25.605904997630095,,,,,,3.7800000000000002,0.12534917665496703
2024-08-06,25.754771828049453,,,,,,3.9,-0.017224385925629804
2024-08-07,25.82090817788589,,,,,,3.9600000000000004,-0.08716952823355051
2024-08-08,26.466478703386215,,,,,,3.9899999999999998,-0.21163563499644367
2024-08-09,26.617947466331568,,,,,,3.94,-0.18313632272031066
2024-08-12,26.615866730445994,,,,,,3.9,-0.14284262418515903
2024-08-13,27.058576380314733,,,,,,3.85,-0.154314070538073
2024-08-14,27.15580105163457,,,,,,3.83,-0.14754556568380917
2024-08-15,27.60185605945618,,,,,,3.92,-0.2970552319165223
2024-08-16,27.65577594783868,,,,,,3.8899999999999997,-0.27411881161428475
2024-08-19,27.923667157737647,,,,,,3.8600000000000003,-0.27880848116720225
2024-08-20,27.864705100423755,,,,,,3.82,-0.23123063604648575
2024-08-21,27.988343070803236,,,,,,3.7900000000000005,-0.2170839560946507
2024-08-22,27.739730075271236,,,,,,3.8600000000000003,-0.25506225443968367
2024-08-23,28.05103224451791,,,,,,3.81,-0.24506880145049648
2024-08-26,27.96486629322897,,,,,,3.82,-0.24408445828283343
2024-08-27,28.003069479507143,,,,,,3.83,-0.2589629008998191
2024-08-28,27.665031091275203,,,,,,3.84,-0.22532847947757118
2024-08-29,27.685733987971528,,,,,,3.8699999999999997,-0.25803146618953754
2024-08-30,28.00941599810663,,,,,,3.91,-0.3397720449880226
2024-09-03,27.421341277987697,,,,,,3.84,-0.19320537437479945
2024-09-04,27.380642999451965,,,,,,3.7699999999999996,-0.11778482002772694
2024-09-05,27.327715458777654,,,,,,3.73,-0.07071131372673767
2024-09-06,26.848103099918536,,,,,,3.7199999999999998,0.004657925658198003
2024-09-09,27.15478292856845,,,,,,3.6999999999999997,-0.01740749822772303
2024-09-10,27.279761098804446,,,,,,3.65,0.01572125165650995
2024-09-11,27.647032459874033,,,,,,3.65,-0.03297527428534641
2024-09-12,27.860899318316513,,,,,,3.6799999999999997,-0.09074041230760654
2024-09-13,28.01013892245968,,,,,,3.66,-0.08986419036230187
2024-09-16,28.052229619511476,,,,,,3.63,-0.06522096616356299
2024-09-17,28.055990274933983,,,,,,3.65,-0.08569879301880023
2024-09-18,27.97739063689187,,,,,,3.6999999999999997,-0.12568525071323622
2024-09-19,28.404505429934524,,,,,,3.73,-0.20943174906986872
2024-09-20,28.347920837109726,,,,,,3.73,-0.2024044287194462
2024-09-23,28.437737525712947,,,,,,3.75,-0.23354585488449642
2024-09-24,28.50429375064868,,,,,,3.74,-0.23175661481792487
2024-09-25,28.499400450781273,,,,,,3.7900000000000005,-0.2811542552377233
2024-09-26,28.611188439687247,,,,,,3.7900000000000005,-0.2948638153986063
2024-09-27,28.576469000932242,,,,,,3.75,-0.25061734370548994
2024-09-30,28.706541884433367,,,,,,3.81,-0.3264734783249259
2024-10-01,28.44907736432818,,,,,,3.74,-0.22494751800322632
2024-10-02,28.44496290095226,,,,,,3.7900000000000005,-0.274439078081826
2024-10-03,28.423006890586166,,,,,,3.85,-0.33172340157576796
2024-10-04,28.645930224050318,,,,,,3.9800000000000004,-0.489102716586149
2024-10-07,28.370022350900555,,,,,,4.03,-0.5051525831340888
2024-10-08,28.643341889466218,,,,,,4.04,-0.5487872642132001
2024-10-09,28.832048412230517,,,,,,4.06,-0.591637344310918
2024-10-10,28.761889538529395,,,,,,4.09,-0.6131769677009533
2024-10-11,28.936695695026454,,,,,,4.08,-0.6241804049109976
2024-10-14,29.153131592464213,,,,,,,
2024-10-15,28.989209087435395,,,,,,4.03,-0.5804405553671228
2024-10-16,29.125368619066794,,,,,,4.02,-0.5865670602178934
2024-10-17,29.108573878834108,,,,,,4.09,-0.6545860763823401
2024-10-18,29.212174835273505,,,,,,4.08,-0.6567697693206096
2024-10-21,29.150638558588827,,,,,,4.19,-0.7595434150091238
2024-10-22,29.007236668226035,,,,,,4.2,-0.7525844069959944
2024-10-23,29.1704147483247,,,,,,4.24,-0.8118691056409082
2024-10-24,29.18651569098282,,,,,,4.21,-0.7837602576899911
2024-10-25,29.164735407092174,,,,,,4.25,-0.8212015348617783
2024-10-28,29.240086278419994,,,,,,4.279999999999999,-0.8600374510589996
2024-10-29,29.39268848524981,,,,,,4.279999999999999,-0.8777933576854253
2024-10-30,29.192146521504238,,,,,,4.29,-0.8644211400715074
2024-10-31,28.532587051026493,,,,,,4.279999999999999,-0.7752354365496483
2024-11-01,28.97471164805196,,,,,,4.37,-0.9187145751552896
2024-11-04,28.08393070573433,,,,,,4.31,-0.7492448817863848
2024-11-05,28.470455081033943,,,,,,4.26,-0.7475868785597095
2024-11-06,29.248223489932574,,,,,,4.42,-1.0009889262361304
2024-11-07,29.540236188010528,,,,,,4.31,-0.9247867145156095
2024-11-08,29.64621709078417,,,,,,4.3,-0.9268883583434993
2024-11-11,29.687354544340778,,,,,,,
2024-11-12,29.661583800776373,,,,,,4.43,-1.058635858703453
2024-11-13,29.658395231781594,,,,,,4.44,-1.0682734039216948
2024-11-14,29.462399504984802,,,,,,4.43,-1.0358433230096953
2024-11-15,29.078406391481927,,,,,,4.43,-0.9910219950260593
2024-11-18,29.205097671443095,,,,,,4.42,-0.9959402305378848
2024-11-19,29.3454669464476,,,,,,4.390000000000001,-0.9823186643276287
2024-11-20,29.386560444076963,,,,,,4.41,-1.0070838883883195
2024-11-21,29.33851677273726,,,,,,4.43,-1.0215113986633182
2024-11-22,29.44761565582604,,,,,,4.41,-1.014139324257461
2024-11-25,29.530854069266464,,,,,,4.2700000000000005,-0.8837112131791471
2024-11-26,29.708047078541185,,,,,,4.3,-0.9339086599794593
2024-11-27,29.588758829191956,,,,,,4.25,-0.8703381298528461
2024-11-29,29.756290764125104,,,,,,4.18,-0.819366082530609
2024-12-02,29.829297524304828,,,,,,4.19,-0.8375911838513708
2024-12-03,29.84522425960236,,,,,,4.2299999999999995,-0.8793801778746508
2024-12-04,30.01964922582384,,,,,,4.19,-0.8588484849457583
2024-12-05,29.96757748772628,,,,,,4.17,-0.8330602676857461
2024-12-06,29.990641397252293,,,,,,4.15,-0.8156264974325667
2024-12-09,29.796616787110786,,,,,,4.2,-0.8439142834747164
2024-12-10,29.707693517002504,,,,,,4.22,-0.8538685989618364
2024-12-11,29.959145238310516,,,,,,4.26,-0.922121058376387
2024-12-12,29.811003091945913,,,,,,4.32,-0.9655338758118761
2024-12-13,29.813961639511913,,,,,,4.3999999999999995,-1.0458667516539704
2024-12-16,29.934184631974947,,,,,,4.390000000000001,-1.0493377695284711
2024-12-17,29.80709481046572,,,,,,4.3999999999999995,-1.0450940410036704
2024-12-18,28.917895808398765,,,,,,4.5,-1.0419337332643508
2024-12-19,28.81876087717036,,,,,,4.569999999999999,-1.1000381780391537
2024-12-20,29.116748220045462,,,,,,4.52,-1.0855505469132405
2024-12-23,29.286715045148984,,,,,,4.590000000000001,-1.1754825354827956
2024-12-24,29.617123396123173,,,,,,4.590000000000001,-1.2135748603090266
2024-12-26,29.60245483873257,,,,,,4.58,-1.2019017799443588
2024-12-27,29.273026664826947,,,,,,4.62,-1.203885870600625
2024-12-30,28.9564827153572,,,,,,4.55,-1.0965418924321026
2024-12-31,28.833243682755942,,,,,,4.58,-1.111781123890471
2025-01-02,28.767354816556427,,,,,,4.569999999999999,-1.0938375013038324
2025-01-03,29.136436474056698,,,,,,4.6,-1.1678712944515106
2025-01-06,29.296343470017817,,,,,,4.62,-1.2066047378116984
2025-01-07,28.970645238742,,,,,,4.67,-1.2182301420656132
2025-01-08,29.015746197695037,,,,,,4.67,-1.2235954402598188
2025-01-10,28.576130129213063,,,,,,4.77,-1.2705758460705248
2025-01-13,28.612905034022006,,,,,,4.79,-1.2950735015862391
2025-01-14,28.638011806741815,,,,,,4.78,-1.2881374826286476
2025-01-15,29.165994286881396,,,,,,4.66,-1.231349530676583
2025-01-16,29.107892400863282,,,,,,4.61,-1.1745056460001826
2025-01-17,29.39612463399847,,,,,,4.61,-1.2081910457562937
2025-01-21,29.661052427088872,,,,,,4.569999999999999,-1.1985754611770982
2025-01-22,29.821843590002302,,,,,,4.6,-1.2467532532588042
2025-01-23,29.9840982174423,,,,,,4.65,-1.3148988648980557
2025-01-24,29.92328515058245,,,,,,4.63,-1.2881209417090518
2025-01-27,29.476866453696772,,,,,,4.53,-1.1375091408687124
2025-01-28,29.827646354037924,,,,,,4.55,-1.197405604416304
2025-01-29,29.656383337166496,,,,,,4.55,-1.178044665356202
2025-01-30,29.780502468190654,,,,,,4.52,-1.1620982954598342
2025-01-31,29.546935808237244,,,,,,4.58,-1.1955542947326032
2025-02-03,29.39012267197779,,,,,,4.54,-1.137496338613596
2025-02-04,29.60282387968591,,,,,,4.52,-1.141943892703353
2025-02-05,29.576392261211378,,,,,,4.43,-1.0489250157076375
2025-02-06,29.658438179161294,,,,,,4.45,-1.078278286404767
2025-02-07,29.21577848207388,,,,,,4.49,-1.0671920107705617
2025-02-10,29.411630384590836,,,,,,4.51,-1.109984472387787
2025-02-11,29.370476173596437,,,,,,4.54,-1.135220335927059
2025-02-12,29.162933602596258,,,,,,4.62,-1.1909896897650447
2025-02-13,29.419291303623666,,,,,,4.52,-1.1208698520999825
2025-02-14,29.22271480958121,,,,,,4.47,-1.0480044512766091
2025-02-18,29.310927907232,,,,,,4.55,-1.1383031640452907
2025-02-19,29.330295445577846,,,,,,4.53,-1.1205559940386798
2025-02-20,29.16891971009756,,,,,,4.5,-1.0716933985257442
2025-02-21,28.399213656264894,,,,,,4.42,-0.8987757432171048
2025-02-24,28.54027309709354,,,,,,4.3999999999999995,-0.8961792881307877
2025-02-25,28.143744356278393,,,,,,4.3,-0.7468125230930158
2025-02-26,27.95744588823057,,,,,,4.25,-0.6731353464910876
2025-02-27,27.506632069601864,,,,,,4.29,-0.6545131200736121
2025-02-28,27.936335089275264,,,,,,4.24,-0.6604323981498235
2025-03-03,27.430212948723096,,,,,,4.16,-0.5143848461207408
2025-03-04,27.083084207501468,,,,,,4.22,-0.527658343716185
2025-03-05,27.386436993803777,,,,,,4.279999999999999,-0.62855749863974
2025-03-06,26.889643297323193,,,,,,4.29,-0.5710960750098613
2025-03-07,27.029243527461546,,,,,,4.32,-0.620303414026345
2025-03-10,26.29467371539484,,,,,,4.22,-0.41694843593162245
2025-03-11,26.09531089023167,,,,,,4.279999999999999,-0.447893901680501
2025-03-12,26.172948285537206,,,,,,4.32,-0.4992611627457135
2025-03-13,25.80526420995483,,,,,,4.2700000000000005,-0.39482169582192306
2025-03-14,26.42124260002643,,,,,,4.31,-0.5251666553373999
2025-03-17,26.59457334030805,,,,,,4.31,-0.5498343932656717
2025-03-18,26.306250928085156,,,,,,4.29,-0.48862213458787807
2025-03-19,26.595856414395985,,,,,,4.25,-0.4900157963752836
2025-03-20,26.536934187640078,,,,,,4.24,-0.4716671815625073
2025-03-21,26.548845652487177,,,,,,4.25,-0.4833578902466633
2025-03-24,27.0239708064335,,,,,,4.34,-0.6395815560830402
2025-03-25,27.05607796434336,,,,,,4.31,-0.6139728030135068
2025-03-26,26.763355913403306,,,,,,4.35,-0.6135478030645927
2025-03-27,26.675080650065247,,,,,,4.38,-0.6311828431995612
2025-03-28,26.142891417856813,,,,,,4.2700000000000005,-0.44486840297644603
2025-03-31,26.33572928409064,,,,,,4.2299999999999995,-0.4328771285855444
2025-04-01,26.439025868276747,,,,,,4.17,-0.38771238856472134
2025-04-02,26.62265051022949,,,,,,4.2,-0.44379999423513494
2025-04-03,25.337905961487838,,,,,,4.06,-0.11334394436563677
2025-04-04,23.826473135369625,,,,,,4.01,0.18701226580417618
2025-04-07,23.7749529824776,,,,,,4.15,0.05610716133491778
2025-04-08,23.37548695967122,,,,,,4.26,0.017985745175103318
2025-04-09,25.59661356789105,,,,,,4.34,-0.4332332031045629
2025-04-10,24.71485998783422,,,,,,4.3999999999999995,-0.3538512437770409
2025-04-11,25.156076593781883,,,,,,4.4799999999999995,-0.5048173189010656
2025-04-14,25.358030768757914,,,,,,4.38,-0.4364761155190364
2025-04-15,25.312216355091586,,,,,,4.35,-0.399338446023322
2025-04-16,24.749943655323534,,,,,,4.29,-0.24958676138275848
2025-04-17,24.79657504356387,,,,,,4.34,-0.30718499130162247
2025-04-21,24.199216082807794,,,,,,4.42,-0.28763473420758956
2025-04-22,24.811047272767045,,,,,,4.41,-0.37953732340990687
2025-04-23,25.143579454319436,,,,,,4.3999999999999995,-0.4228415297162105
2025-04-24,25.481781451855092,,,,,,4.32,-0.39562759342636467
2025-04-25,25.514743363461694,,,,,,4.29,-0.370697400107709
2025-04-28,25.560738448478617,,,,,,4.2299999999999995,-0.3177499606842522
2025-04-29,25.706664914313883,,,,,,4.19,-0.2999582410506161
2025-04-30,25.66436183360901,,,,,,4.17,-0.27354620744771285
2025-05-01,25.742209067435024,,,,,,4.25,-0.36532950656887486
2025-05-02,25.97232987696214,,,,,,4.33,-0.4797485795950269
2025-05-05,25.931753158650626,,,,,,4.36,-0.5037238975629847
2025-05-06,25.822655775848794,,,,,,4.3,-0.4274316294946239
2025-05-07,25.69547291382498,,,,,,4.26,-0.36826388230446483
2025-05-08,25.88012918953924,,,,,,4.37,-0.5060316531796896
2025-05-09,25.86517068197249,,,,,,4.37,-0.5037970187957037
2025-05-12,26.718198631191502,,,,,,4.45,-0.7072327056788379
2025-05-13,26.911874856182834,,,,,,4.49,-0.7741682144257735
2025-05-14,26.951780834904813,,,,,,4.53,-0.8196700365531462
2025-05-15,27.0553297995658,,,,,,4.45,-0.7538705962621512
2025-05-16,27.250491166060094,,,,,,4.43,-0.7603413729089818
2025-05-19,27.331421252046876,,,,,,4.46,-0.8012074667536395
2025-05-20,27.224884751686915,,,,,,4.4799999999999995,-0.8068898688798383
2025-05-21,26.790997078876266,,,,,,4.58,-0.8474028254496586
2025-05-22,26.765673455069667,,,,,,4.54,-0.8038713287799202
2025-05-23,26.593980943225727,,,,,,4.51,-0.749750633292344
2025-05-27,27.138623902189135,,,,,,4.43,-0.745214789061817
2025-05-28,26.937080332588913,,,,,,4.47,-0.7576451803494679
2025-05-29,27.050541496335683,,,,,,4.43,-0.733216332525314
2025-05-30,27.048104260082347,,,,,,4.41,-0.7128832247005117
2025-06-02,27.16469606607056,,,,,,4.46,-0.7787513765374796
2025-06-03,27.322222195175403,,,,,,4.46,-0.7999755962142001
2025-06-04,27.3365668114161,,,,,,4.37,-0.7118961609239562
2025-06-05,27.183278631366957,,,,,,4.3999999999999995,-0.7212678883918962
2025-06-06,27.474892840190243,,,,,,4.51,-0.8703133747724716
2025-06-09,27.50236938073281,,,,,,4.49,-0.8539496431875984
2025-06-10,27.65508901808263,,,,,,4.47,-0.8540289960877097
2025-06-11,27.53241284263034,,,,,,4.41,-0.7779173136194197
2025-06-12,27.642299736854078,,,,,,4.36,-0.7423559923751548
2025-06-13,27.346794617436966,,,,,,4.41,-0.7532643057831128
2025-06-16,27.600693484758473,,,,,,4.46,-0.8369026290871444
2025-06-17,27.36670795794955,,,,,,4.390000000000001,-0.7359251235605146
2025-06-18,27.369808804068096,,,,,,4.38,-0.7263391097881344
2025-06-20,27.29072906148889,,,,,,4.38,-0.7157519773587042
2025-06-23,27.55732600749402,,,,,,4.34,-0.7112008932649809
2025-06-24,27.865536939744747,,,,,,4.3,-0.7113377676433883
2025-06-25,27.85469617684676,,,,,,4.29,-0.699941097001751
2025-06-26,28.060421186002237,,,,,,4.26,-0.696261617844697
2025-06-27,28.213953382814985,,,,,,4.29,-0.7456544542634131
2025-06-30,28.349976421651593,,,,,,4.24,-0.7126602056844229
2025-07-01,28.326203216813415,,,,,,4.26,-0.7296998311216094
2025-07-02,28.466635670777297,,,,,,4.3,-0.7871156129399588
2025-07-03,28.70680244604446,,,,,,4.35,-0.8665050970774657
2025-07-07,28.480037730684924,,,,,,4.3999999999999995,-0.8887686966700135
2025-07-08,28.45299478954211,,,,,,4.42,-0.9054314725156813
2025-07-09,28.62334802404926,,,,,,4.34,-0.8463485963982875
2025-07-10,28.674175290307787,,,,,,4.35,-0.8625413725917621
2025-07-11,28.579844748871903,,,,,,4.43,-0.9310306781338555
2025-07-14,28.62559249535373,,,,,,4.43,-0.9366225261108156
2025-07-15,28.506434825963936,,,,,,4.5,-0.9920201136860847
2025-07-16,28.602228456869526,,,,,,4.46,-0.9637689230825455
2025-07-17,28.795315931244186,,,,,,4.47,-0.9972129592613497
2025-07-18,28.787211752113063,,,,,,4.44,-0.9662352998581145
2025-07-21,28.818561096830724,,,,,,4.38,-0.910014123050809
2025-07-22,28.881163745349546,,,,,,4.35,-0.887535644971992
2025-07-23,29.08396603603612,,,,,,4.3999999999999995,-0.9616793845758078
2025-07-24,28.99178386502205,,,,,,4.43,-0.9807469127952553
2025-07-25,29.120438564374993,,,,,,4.3999999999999995,-0.9659857842135389
2025-07-28,29.108789704736072,,,,,,4.42,-0.9846115481149753
2025-07-29,29.015018513859864,,,,,,4.34,-0.8935090059573079
2025-07-30,28.979201678433753,,,,,,4.38,-0.9292493164703104
2025-07-31,28.76502440459166,,,,,,4.37,-0.8935558783660427
2025-08-01,28.155436882581697,,,,,,4.2299999999999995,-0.6782881080113943
2025-08-04,28.819907054003473,,,,,,4.22,-0.7501761795200288
2025-08-05,28.618808080952434,,,,,,4.22,-0.7257943811938095
2025-08-06,28.750826102623872,,,,,,4.22,-0.7418390719258756
2025-08-07,28.45265592385121,,,,,,4.2299999999999995,-0.7153896146766283
2025-08-08,28.646653058672825,,,,,,4.2700000000000005,-0.7791908016205471
2025-08-11,28.584996752836105,,,,,,4.2700000000000005,-0.7716613132874213
2025-08-12,28.907264209826735,,,,,,4.29,-0.8306619154916084
2025-08-13,28.989753291991363,,,,,,4.24,-0.790505311556903
2025-08-14,29.009043608111316,,,,,,4.29,-0.8427991425391679
2025-08-15,28.93813197408243,,,,,,4.33,-0.8743519267393625
2025-08-18,28.935021012561844,,,,,,4.34,-0.8839803912156818
2025-08-19,28.760651205761558,,,,,,4.3,-0.8230272678955468
2025-08-20,28.69245255805791,,,,,,4.29,-0.804762905065211
2025-08-21,28.567973832490154,,,,,,4.33,-0.8295767433015948
2025-08-22,29.00065682835694,,,,,,4.26,-0.8118022370369329
2025-08-25,28.877244791594364,,,,,,4.279999999999999,-0.8170657511928501
2025-08-26,28.99551149082902,,,,,,4.26,-0.8111903443528159
2025-08-27,28.915638407641886,,,,,,4.24,-0.7816637671893218
2025-08-28,28.924736586310708,,,,,,4.22,-0.7627515752268841
2025-08-29,28.706320887618887,,,,,,4.2299999999999995,-0.746446660249998
2025-09-02,28.510577413569468,,,,,,4.279999999999999,-0.7725298232505979
2025-09-03,28.651916599032642,,,,,,4.22,-0.7298320856002962
2025-09-04,28.892026511713986,,,,,,4.17,-0.7088374553977377
2025-09-05,28.8104733520423,,,,,,4.1000000000000005,-0.6290400203399908
2025-09-08,28.867705803243346,,,,,,4.05,-0.5859214659599035
2025-09-09,28.962760207150293,,,,,,4.08,-0.6272904072412229
2025-09-10,29.00593934454445,,,,,,4.04,-0.5924302174062022
2025-09-11,29.244268314015844,,,,,,4.01,-0.5905265180092334
2025-09-12,29.22287482655136,,,,,,4.06,-0.6380231892468751
2025-09-15,29.372358881224763,,,,,,4.05,-0.6454385752816925
2025-09-16,29.3439518179927,,,,,,4.04,-0.6321427141015326
2025-09-17,29.307307410833275,,,,,,4.06,-0.647881697960571
2025-09-18,29.436639025276467,,,,,,4.109999999999999,-0.7128730415135829
2025-09-19,29.57834988989646,,,,,,4.14,-0.7591487905091499
2025-09-22,29.710422138064537,,,,,,4.15,-0.784177746270339
2025-09-23,29.536410367388665,,,,,,4.12,-0.7343482313473468
2025-09-24,29.449495746759787,,,,,,4.16,-0.7643561200533422
2025-09-25,29.28772008767775,,,,,,4.18,-0.765599708661751
2025-09-26,29.452878651721026,,,,,,4.2,-0.8047461376357967
2025-09-29,29.518351912296627,,,,,,4.15,-0.7622769896803612
2025-09-30,29.629596197436292,,,,,,4.16,-0.7849961918599311
2025-10-01,29.855606477271216,,,,,,4.12,-0.7705453481198239
2025-10-02,29.867519322580307,,,,,,4.1000000000000005,-0.7518812988798023
2025-10-03,29.839248666529837,,,,,,4.130000000000001,-0.7787091844182985
2025-10-06,29.95434197581532,,,,,,4.18,-0.8415858201546045
2025-10-07,29.811692810854804,,,,,,4.14,-0.7856114842432302
2025-10-08,29.980618423607176,,,,,,4.130000000000001,-0.7945117659995127
2025-10-09,29.898010370632257,,,,,,4.14,-0.7952958287075043
2025-10-10,29.096784483989698,,,,,,4.05,-0.6131941201260811
2025-10-13,29.551024468862657,,,,,,,
2025-10-14,29.51359337998676,,,,,,4.03,-0.6417307807117028
2025-10-15,29.64174734001342,,,,,,4.05,-0.676379718681094
2025-10-16,29.448115969978947,,,,,,3.9899999999999998,-0.5941970188535799
2025-10-17,29.583983373843232,,,,,,4.02,-0.6397925838338825
2025-10-20,29.886113281608694,,,,,,4.0,-0.6539643660677026
2025-10-21,29.8953602309566,,,,,,3.9800000000000004,-0.6349993300816581
2025-10-22,29.683485748887083,,,,,,3.9699999999999998,-0.6011234183893217
2025-10-23,29.81958048237109,,,,,,4.01,-0.6564987641553652
2025-10-24,30.010268404966187,,,,,,4.02,-0.6878072101663801
2025-10-27,30.364903275139085,,,,,,4.01,-0.7167242370610856
2025-10-28,30.417424064037753,,,,,,3.9899999999999998,-0.7024106305165696
2025-10-29,30.490707166076724,,,,,,4.08,-0.8003122100343494
2025-10-30,30.074229010406945,,,,,,4.109999999999999,-0.7848939776512367
2025-10-31,29.68392848783363,,,,,,4.109999999999999,-0.7411736655413921
2025-11-03,29.6239390594224,,,,,,4.130000000000001,-0.7543516839738684
2025-11-04,29.230407356282125,,,,,,4.1000000000000005,-0.6789050155502454
2025-11-05,29.323623551219256,,,,,,4.17,-0.7597802559997033
2025-11-06,28.70505660813028,,,,,,4.109999999999999,-0.6262932313578333
2025-11-07,28.697225730235402,,,,,,4.109999999999999,-0.6253426000116797
2025-11-10,29.130654539874666,,,,,,4.130000000000001,-0.6971900759003602
2025-11-11,29.19172682653542,,,,,,,
2025-11-12,29.1910433615985,,,,,,4.08,-0.6542916838816271
2025-11-13,28.680450193260295,,,,,,4.109999999999999,-0.6233043823872988
2025-11-14,28.659530786218863,,,,,,4.14,-0.6507593440404227
2025-11-17,28.40395956243254,,,,,,4.130000000000001,-0.6093640907635525
2025-11-18,28.169219879034134,,,,,,4.12,-0.5700259350658028
2025-11-19,28.115157177883678,,,,,,4.130000000000001,-0.573199681676924
2025-11-20,27.715636172422354,,,,,,4.1000000000000005,-0.4919283909671859
2025-11-21,27.980436652907443,,,,,,4.06,-0.4860743590072234
2025-11-24,28.418992197544814,,,,,,4.04,-0.5212263818194356
2025-11-25,28.67846569702434,,,,,,4.01,-0.5230631095660061
2025-11-26,28.950661790735893,,,,,,4.0,-0.5458475276720742
2025-11-28,29.106736312449005,,,,,,4.02,-0.5843691918413461
2025-12-01,28.949688508102145,,,,,,4.09,-0.6357313997691887
2025-12-02,29.019187898776853,,,,,,4.09,-0.6440041868568289
2025-12-03,29.092138901390207,,,,,,4.06,-0.6226453132594738
2025-12-04,29.11838400753849,,,,,,4.109999999999999,-0.675743484456043
2025-12-05,29.186067527115032,,,,,,4.14,-0.713707646393404
2025-12-08,29.0710992070357,,,,,,4.17,-0.7301575885442166
2025-12-09,29.044393120365758,,,,,,4.18,-0.736994681018809
2025-12-10,29.235321715066085,,,,,,4.130000000000001,-0.7094800900560596
2025-12-11,29.26791500806186,,,,,,4.14,-0.7232892444694139
2025-12-12,28.986918921829055,,,,,,4.19,-0.7401680164878299
2025-12-15,28.945959496030095,,,,,,4.18,-0.7252863977884414
2025-12-16,28.882703995557296,,,,,,4.15,-0.687720290476201
2025-12-17,28.539690367776746,,,,,,4.16,-0.6561077463928338
2025-12-18,28.68588772151919,,,,,,4.12,-0.6339652999135406
2025-12-19,28.947013952217137,,,,,,4.16,-0.7054122430358416
2025-12-22,29.189413934784213,,,,,,4.17,-0.744100452190553
2025-12-23,29.31470214291404,,,,,,4.18,-0.7687424162632319
2025-12-24,29.408845415250866,,,,,,4.15,-0.7496624965037935
2025-12-26,29.397125589456067,,,,,,4.14,-0.7383068754222952
2025-12-29,29.295494649284684,,,,,,4.12,-0.7065058365743715
2025-12-30,29.261759703757903,,,,,,4.14,-0.72257052848542
2025-12-31,29.04636645176129,,,,,,4.18,-0.7372285894666084
2026-01-02,29.096577898640124,,,,,,4.19,-0.75316971884609
2026-01-05,29.278473421833528,,,,,,4.17,-0.7545213799491317
2026-01-06,29.45746721855626,,,,,,4.18,-0.7852750136981701
2026-01-07,29.35598369587213,,,,,,4.15,-0.7435394624823486
2026-01-08,29.366555535558238,,,,,,4.19,-0.7847657743205239
2026-01-09,29.56089391789715,,,,,,4.18,-0.7971523676604151
2026-01-12,29.612809176066925,,,,,,4.19,-0.8130829569246001
2026-01-13,29.556236901929626,,,,,,4.18,-0.7966193507038999
2026-01-14,29.393476196459822,,,,,,4.15,-0.7478845328935919
2026-01-15,29.45619614965006,,,,,,4.17,-0.775128527391749
2026-01-16,29.434073778520233,,,,,,4.24,-0.8425769741402278
2026-01-20,28.825566691474393,,,,,,4.3,-0.8308574478233397
2026-01-21,29.157795449959508,,,,,,4.26,-0.8303854335757443
2026-01-22,29.329176555320085,,,,,,4.26,-0.8504259258222926
2026-01-23,29.339914242693904,,,,,,4.24,-0.8316737461186836
2026-01-26,29.50013389738714,,,,,,4.22,-0.830184877538569
2026-01-27,29.622586240705377,,,,,,4.24,-0.86419752322008
2026-01-28,29.430048967804886,,,,,,4.26,-0.8621123475059322
2026-01-29,29.411647103619416,,,,,,4.24,-0.839986405124046
2026-01-30,28.99911689659769,,,,,,4.26,-0.811619128383442
2026-02-02,29.16128459140116,,,,,,4.29,-0.8607957862224223
2026-02-03,28.965012048886134,,,,,,4.279999999999999,-0.8275588330077848
2026-02-04,28.82041541323994,,,,,,4.29,-0.8202373832522709
2026-02-05,28.369914919339767,,,,,,4.21,-0.6851392351962953
2026-02-06,28.862428758950045,,,,,,4.22,-0.7552881133057565
2026-02-09,29.00139196419222,,,,,,4.22,-0.7718896429706139
2026-02-10,28.875290894719768,,,,,,4.16,-0.6968314257126211
2026-02-11,28.984845926138927,,,,,,4.18,-0.7299212845627499
2026-02-12,28.5502490815117,,,,,,4.09,-0.5874035878111812
2026-02-13,28.650651194678304,,,,,,4.04,-0.5496779364451432
2026-02-17,28.7246585076509,,,,,,4.05,-0.5686705362096927
2026-02-18,28.84056292735529,,,,,,4.09,-0.6226612988836653
2026-02-19,28.725150241135516,,,,,,4.08,-0.5987301315905333
2026-02-20,28.958916188231264,,,,,,4.08,-0.6268320930933382
2026-02-23,28.574947810728936,,,,,,4.03,-0.530431053719953
2026-02-24,28.799796541531734,,,,,,4.04,-0.5677532479859164
2026-02-25,28.780888418560036,,,,,,4.05,-0.5754720929492696
2026-02-26,28.641166958242994,,,,,,4.02,-0.5285221511472047
2026-02-27,28.561309280397076,,,,,,3.9699999999999998,-0.46875994765287077
2026-03-02,28.638364170845364,,,,,,4.05,-0.5581804462210611
2026-03-03,28.372451830591174,,,,,,4.06,-0.5354544091892679
2026-03-04,28.597198630783943,,,,,,4.09,-0.5931539875254321
2026-03-05,28.43132175019784,,,,,,4.130000000000001,-0.6127523363628309
2026-03-06,28.05641829979069,,,,,,4.15,-0.5857531695075266
2026-03-09,28.28618548728681,,,,,,4.12,-0.5847053578523389
2026-03-10,28.227083673423927,,,,,,4.15,-0.6073031646853777
2026-03-11,28.172608828288837,,,,,,4.21,-0.6604529697800849
2026-03-12,27.745808137698557,,,,,,4.2700000000000005,-0.6658519606380175
2026-03-13,27.59565415516321,,,,,,4.279999999999999,-0.6562410038288657
2026-03-16,27.809074832952124,,,,,,4.2299999999999995,-0.6340515335121513
2026-03-17,27.878496624704802,,,,,,4.2,-0.6130060043702636
2026-03-18,27.499109346734546,,,,,,4.26,-0.6235185874892792
2026-03-19,27.26661185253905,,,,,,4.25,-0.5825109646621511
2026-03-20,26.84940661280325,,,,,,4.390000000000001,-0.6655229029041343
2026-03-23,27.24570251135589,,,,,,4.34,-0.6696964004389154
2026-03-24,27.132995912858004,,,,,,4.390000000000001,-0.7044504823143702
2026-03-25,27.278985889063733,,,,,,4.33,-0.6641745764790161
2026-03-26,26.795445500474965,,,,,,4.42,-0.6880224891865505
2026-03-27,26.341586001714294,,,,,,4.44,-0.643721370706682
2026-03-30,26.243879623540206,,,,,,4.35,-0.5395877654345695
2026-03-31,26.988345791760405,,,,,,4.3,-0.5946969491353489
2026-04-01,27.188854080436275,,,,,,4.33,-0.652022263087765
2026-04-02,27.20616274236615,,,,,,4.31,-0.6343622062042074
2026-04-06,27.328653877109804,,,,,,4.34,-0.6808369673209933
2026-04-07,27.341170984134166,,,,,,4.33,-0.6725121748432392
2026-04-08,28.033983517449204,,,,,,4.29,-0.7229008063460922
2026-04-09,28.209807465842932,,,,,,4.29,-0.7451335516528341
2026-04-10,28.170206791247075,,,,,,4.31,-0.7601503045028557
2026-04-13,28.462867492929178,,,,,,4.3,-0.7866505447898997
2026-04-14,28.807032748870466,,,,,,4.26,-0.7886254619917059
2026-04-15,29.044731636943453,,,,,,4.29,-0.8470348092731221
2026-04-16,29.102881771502275,,,,,,4.32,-0.8839141585655406
2026-04-17,29.421831267360187,,,,,,4.26,-0.8611632963534324
2026-04-20,29.348938248340477,,,,,,4.26,-0.8527217143654435
2026-04-21,29.157614089216803,,,,,,4.3,-0.8703641013280836
2026-04-22,29.444000887809096,,,,,,4.3,-0.9037224227430416
2026-04-23,29.27217376747681,,,,,,4.34,-0.9237863359807545
2026-04-24,29.670554486474703,,,,,,4.31,-0.9396551671932882
2026-04-27,29.53142631612151,,,,,,4.35,-0.9637768311783512
2026-04-28,29.335679274818055,,,,,,4.36,-0.9511817120989368
2026-04-29,29.115216970573574,,,,,,4.42,-0.985369919754715
2026-04-30,28.571480910997447,,,,,,4.3999999999999995,-0.9000064115854416
2026-05-01,28.419435573934443,,,,,,4.390000000000001,-0.8712812787979032
2026-05-04,28.379575096116042,,,,,,4.45,-0.9263390691608437
2026-05-05,28.490261319902086,,,,,,4.43,-0.9200286846388361
2026-05-06,28.912095589111654,,,,,,4.36,-0.9012399910001623
2026-05-07,28.749632238493746,,,,,,4.41,-0.9316946369801911
2026-05-08,28.942457729923248,,,,,,,
2026-05-11,28.962365998453624,,,,,,4.42,-0.9672434121805082
2026-05-12,28.919717428741237,,,,,,4.46,-1.0021515529533782
2026-05-13,29.090528167652927,,,,,,4.46,-1.0224549879711526
2026-05-14,29.30597832480164,,,,,,4.47,-1.0577269514196685
2026-05-15,28.940521372798948,,,,,,4.590000000000001,-1.1346372333157246
2026-05-18,28.917916724888237,,,,,,4.61,-1.1519362345028514
2026-05-19,28.705456849602257,,,,,,4.67,-1.1863418048375145
2026-05-20,28.507206064952342,,,,,,4.569999999999999,-1.0621150191935795
2026-05-21,28.53120732134023,,,,,,4.569999999999999,-1.0650659509875027
2026-05-22,28.594615513914455,,,,,,4.5600000000000005,-1.0628380972166287
2026-05-26,28.767705548444027,,,,,,4.5,-1.0238798821962796
2026-05-27,28.78874447648149,,,,,,4.4799999999999995,-1.0064202444919599
2026-05-28,28.945906975246725,,,,,,4.45,-0.9952801293973748
2026-05-29,28.997480519236987,,,,,,4.45,-1.0014245303601532
2026-06-01,29.053382168194023,,,,,,4.47,-1.028059938733251
2026-06-02,29.04678933403057,,,,,,4.46,-1.0172787115978346
2026-06-03,28.83654996174139,,,,,,4.49,-1.0221787754542753
2026-06-04,28.96195255858349,,,,,,4.47,-1.0171941231267958
2026-06-05,28.198688677234728,,,,,,4.55,-1.0037358050719685
2026-06-08,28.28198626701152,,,,,,4.5600000000000005,-1.024180448434723
2026-06-09,28.111921258543543,,,,,,4.53,-0.9727902639486508
2026-06-10,27.663842566750596,,,,,,4.55,-0.9351731819718045
2026-06-11,28.129976011485013,,,,,,4.45,-0.8950733993099882
2026-06-12,28.272850793973276,,,,,,4.4799999999999995,-0.9430379607380694
2026-06-15,28.743813306827168,,,,,,4.47,-0.9909904847159501
2026-06-16,28.58464894513218,,,,,,4.43,-0.9316187467633918
2026-06-17,28.22446800038262,,,,,,4.49,-0.9469748489628089
2026-06-18,28.516435245447635,,,,,,4.46,-0.9532503260215877
2026-06-22,28.48923658935751,,,,,,4.51,-0.999902434333527
2026-06-23,28.088440765707663,,,,,,4.5,-0.9398166194370243
2026-06-24,28.058499488100463,,,,,,4.41,-0.8460175410516966
2026-06-25,27.734807522822003,,,,,,4.3999999999999995,-0.7944224268470759
2026-06-26,27.731175205664915,,,,,,4.38,-0.7739501568771585
2026-06-29,28.0415448820543,,,,,,4.38,-0.8138626698132869
2026-06-30,28.25477794358595,,,,,,4.44,-0.9007755828178166
2026-07-01,28.226693969189537,,,,,,4.4799999999999995,-0.9372542533973816
2026-07-02,28.214386545530314,,,,,,4.49,-0.9457088689974773
2026-07-06,28.427444703127026,,,,,,4.4799999999999995,-0.9622726402489499
2026-07-07,28.30823684008319,,,,,,4.55,-1.0174592570030887
2026-07-08,28.21992333693686,,,,,,4.5600000000000005,-1.0164042642486315
2026-07-09,28.427843032147237,,,,,,4.54,-1.0223219304075806
2026-07-10,28.549908652146243,,,,,,4.5600000000000005,-1.0573618228203165
2026-07-13,28.321318278597282,,,,,,4.62,-1.089090915320455
2026-07-14,28.427457752306694,,,,,,4.58,-1.0622742550066517
2026-07-15,28.524291669223317,,,,,,4.55,-1.0442161873945355
2026-07-16,28.368987230212326,,,,,,4.569999999999999,-1.0450239693610812
2026-07-17,28.065003550117478,,,,,,4.55,-0.9868434936620054
2026-07-20,28.00402045821583,,,,,,4.6,-1.0290841684961713
2026-07-21,28.240015358799024,,,,,,4.63,-1.0889254386208398
2026-07-22,28.19094670891684,,,,,,4.67,-1.1227619085466949
2026-07-23,26.920280809372098,,,,,,4.71,-0.9953284960836761
2026-07-24,26.980727643157103,,,,,,4.6899999999999995,-0.9836507375714834
2026-07-27,26.989325501021963,,,,,,4.65,-0.9448314511893434
2026-07-28,26.926555637738232,,,,,,4.61,-0.8961941443469463
2026-07-29,26.461364167982268,,,,,,4.67,-0.8909053408894905
2026-07-30,26.852107611673507,,,,,,4.68,-0.9558975404773564
2026-07-31,26.47517033459559,,,,,,4.75,-0.9728760481541388
2026-08-03,26.73372279091314,,,,,,4.7,-0.9594061148120292
2026-08-04,27.064396869820612,,,,,,4.63,-0.9351088675281156
2026-08-05,26.867029601227276,,,,,,4.63,-0.9079659127099022
2026-08-06,26.71368263246879,,,,,,4.6899999999999995,-0.9465999837680057
2026-08-07,26.926242973005404,,,,,,4.65,-0.9361510200196204
2026-08-10,26.76283320432331,,,,,,4.72,-0.9834748258324963
2026-08-11,26.665910695980358,,,,,,4.7,-0.949893688608427
2026-08-12,26.740095883488756,,,,,,4.68,-0.9402976281118294
2026-08-13,26.91352340192522,,,,,,4.63,-0.914395821884598
2026-08-14,26.826949728435913,,,,,,4.68,-0.9524051369134061
2026-08-17,26.685868305149913,,,,,,4.72,-0.9726982874789303
2026-08-18,26.51057880313599,,,,,,4.71,-0.9379209087592306
2026-08-19,26.561430235713757,,,,,,4.65,-0.8851424937372996
2026-08-20,26.305367562209288,,,,,,4.6899999999999995,-0.8884944797478664
2026-08-21,26.431165160048977,,,,,,4.74,-0.9565875248227349
2026-08-24,26.36144620644206,,,,,,4.7,-0.9065814137479848
2026-08-25,26.44314853038137,,,,,,4.64,-0.8583020722699932
2026-08-26,26.08779465676162,,,,,,4.66,-0.8267898219951189
2026-08-27,26.238438871378314,,,,,,4.67,-0.8587976456906117
2026-08-28,26.171984790533116,,,,,,4.73,-0.9091205061309751
2026-08-31,26.07664469479796,,,,,,4.75,-0.915150801784363
2026-09-01,25.875181494862375,,,,,,4.79,-0.9252928086763212
2026-09-02,25.990099834646053,,,,,,4.79,-0.9423810744776291
2026-09-03,26.262042958348264,,,,,,4.77,-0.9622231199377547
2026-09-04,26.152780420831885,,,,,,4.78,-0.9563147783573549
2026-09-08,25.978525661701692,,,,,,4.8,-0.9506668506818712
2026-09-09,25.848673625655838,,,,,,4.83,-0.961329543317611
2026-09-10,25.61481858056964,,,,,,4.95,-1.0460098278480126
2026-09-11,25.83537576411582,,,,,,4.96,-1.0893382796895286
2026-09-14,25.721091167958953,,,,,,4.97,-1.0821400586390708
2026-09-15,25.60134564438609,,,,,,5.0,-1.0939553182460084
2026-09-16,25.490763240076216,,,,,,5.01,-1.0870103641784477
2026-09-17,25.778883687951595,,,,,,4.9399999999999995,-1.0608560769938418
2026-09-18,25.815922849824908,,,,,,5.01,-1.1364216436609689
2026-09-21,26.221457057180782,,,,,,,
