date,pe,pb,ps,dividend_yield,cn10y,spread,us10y,erp
2016-09-19,,,,0.047135379564698224,,,,
2016-09-20,,,,0.047195604738829,2.7431,-2.695904395261171,,
2016-09-21,,,,0.04700444003891479,2.7518000000000002,-2.7047955599610853,,
2016-09-22,,,,0.04661009082989636,2.7456,-2.6989899091701037,,
2016-09-23,,,,0.0466858679298125,2.7318,-2.6851141320701872,,
2016-09-26,,,,0.04717161438895426,2.7157,-2.6685283856110456,,
2016-09-27,,,,0.046906224774134225,2.7144000000000004,-2.667493775225866,,
2016-09-28,,,,0.04706344818504461,2.7244,-2.6773365518149554,,
2016-09-29,,,,0.046886687456137166,2.7282,-2.681313312543863,,
2016-09-30,,,,0.04686594632166622,2.7258,-2.6789340536783337,,
2016-10-10,,,,0.046447326992937445,2.6734999999999998,-2.6270526730070625,,
2016-10-11,,,,0.04643203516497871,2.6835,-2.6370679648350213,,
2016-10-12,,,,0.04660130289338253,2.7098,-2.6631986971066173,,
2016-10-13,,,,0.046620983755889064,2.701,-2.654379016244111,,
2016-10-14,,,,0.04659013292611703,2.6952,-2.648609867073883,,
2016-10-17,,,,0.0469373622014875,2.6904,-2.643462637798512,,
2016-10-18,,,,0.046590901605188396,2.6965,-2.6499090983948115,,
2016-10-19,,,,0.046603182626317845,2.6664,-2.619796817373682,,
2016-10-20,,,,0.046551954175656766,2.6518,-2.6052480458243434,,
2016-10-21,,,,0.04634189464516604,2.6451,-2.598758105354834,,
2016-10-24,,,,0.045911470229038055,2.6595,-2.613588529770962,,
2016-10-25,,,,0.04582703534820786,2.6859,-2.640072964651792,,
2016-10-26,,,,0.04616734874246194,2.7199999999999998,-2.6738326512575377,,
2016-10-27,,,,0.04636237631730482,2.7068,-2.660437623682695,,
2016-10-28,,,,0.04621698312312734,2.7027,-2.656483016876873,,
2016-10-31,,,,0.04625991679227668,2.7425,-2.6962400832077233,,
2016-11-01,,,,0.046029503219619065,2.7375,-2.6914704967803806,,
2016-11-02,,,,0.04638029783720805,2.7372,-2.690819702162792,,
2016-11-03,,,,0.046162250955058916,2.7300999999999997,-2.683937749044941,,
2016-11-04,,,,0.04624649347432424,2.7338999999999998,-2.6876535065256757,,
2016-11-07,,,,0.04625378211318391,2.7475,-2.701246217886816,,
2016-11-08,,,,0.04603943558764233,2.7634,-2.7173605644123575,,
2016-11-09,,,,0.04624585260996224,2.7651,-2.718854147390038,,
2016-11-10,,,,0.04585981722513749,2.7925999999999997,-2.7467401827748623,,
2016-11-11,,,,0.045848530569459846,2.815,-2.76915146943054,,
2016-11-14,,,,0.045812797677276945,2.8577000000000004,-2.8118872023227235,,
2016-11-15,,,,0.045835690518802784,2.8501,-2.804264309481197,,
2016-11-16,,,,0.04587525652546615,2.8651,-2.8192247434745337,,
2016-11-17,,,,0.04579703752252897,2.9055,-2.859702962477471,,
2016-11-18,,,,0.04582509951200675,2.8901,-2.844274900487993,,
2016-11-21,,,,0.045501912321105,2.8851,-2.839598087678895,,
2016-11-22,,,,0.04523421179053315,2.8689,-2.8236657882094667,,
2016-11-23,,,,0.04485031106436719,2.8451,-2.800249688935633,,
2016-11-24,,,,0.04483198601625186,2.8502,-2.805368013983748,,
2016-11-25,,,,0.04416153463553618,2.8649999999999998,-2.8208384653644636,,
2016-11-28,,,,0.04390712561690951,2.8502,-2.8062928743830904,,
2016-11-29,,,,0.043487654102047614,2.8906,-2.8471123458979526,,
2016-11-30,,,,0.04388946930352629,2.9501,-2.9062105306964736,,
2016-12-01,,,,0.0437162943263005,2.9893,-2.9455837056736995,,
2016-12-02,,,,0.043886561167968595,2.9895,-2.9456134388320314,,
2016-12-05,,,,0.04410872392228021,3.0302,-2.9860912760777194,,
2016-12-06,,,,0.044274658223113605,3.1151,-3.0708253417768865,,
2016-12-07,,,,0.0443914031787458,3.0877000000000003,-3.0433085968212543,,
2016-12-08,,,,0.04430283604976574,3.0753,-3.030997163950234,,
2016-12-09,,,,0.04351836336958853,3.0852999999999997,-3.0417816366304113,,
2016-12-12,,,,0.033251002940190025,3.1458,-3.1125489970598097,,
2016-12-13,,,,0.03346824556394349,3.1862000000000004,-3.152731754436057,,
2016-12-14,,,,0.03376736745672445,3.2186,-3.1848326325432756,,
2016-12-15,,,,0.03447330184077201,3.3314999999999997,-3.2970266981592276,,
2016-12-16,,,,0.034515509640685,3.2803,-3.245784490359315,,
2016-12-19,,,,0.03475220906335776,3.3316,-3.296847790936642,,
2016-12-20,,,,0.03495312712509735,3.3739,-3.3389468728749025,,
2016-12-21,,,,0.034718246919515854,3.2815,-3.246781753080484,,
2016-12-22,,,,0.03481523983614691,3.1906999999999996,-3.1558847601638527,,
2016-12-23,,,,0.03510294566827143,3.1769,-3.1417970543317284,,
2016-12-26,,,,0.03492587607156161,3.1551000000000005,-3.1201741239284386,,
2016-12-27,,,,0.0349508886698108,3.1628000000000003,-3.1278491113301894,,
2016-12-28,,,,0.035150485411737646,3.1223,-3.0871495145882624,,
2016-12-29,,,,0.03513898760538326,3.0471000000000004,-3.011961012394617,,
2016-12-30,,,,0.034954723677610086,3.0115,-2.9765452763223896,,
2017-01-03,,,,0.03466212268147844,3.1054,-3.0707378773185217,,
2017-01-04,,,,0.03432166086437591,3.1822999999999997,-3.1479783391356237,,
2017-01-05,,,,0.03435954333265786,3.2086000000000006,-3.174240456667343,,
2017-01-06,,,,0.034503415010554137,3.1953,-3.1607965849894457,,
2017-01-09,,,,0.03434071848840146,3.1692,-3.1348592815115985,,
2017-01-10,,,,0.03442898098500112,3.1791,-3.144671019014999,,
2017-01-11,,,,0.034616711610577215,3.2055,-3.1708832883894225,,
2017-01-12,,,,0.03468694375529779,3.1888,-3.1541130562447024,,
2017-01-13,,,,0.03441245457408761,3.2022000000000004,-3.1677875454259126,,
2017-01-16,,,,0.0341164329228883,3.2495999999999996,-3.2154835670771114,,
2017-01-17,,,,0.03413064696742927,3.2691999999999997,-3.2350693530325705,,
2017-01-18,,,,0.03386301308223854,3.2682,-3.2343369869177616,,
2017-01-19,,,,0.033848244379242644,3.2584,-3.2245517556207575,,
2017-01-20,,,,0.03365868429792975,3.2439000000000004,-3.2102413157020706,,
2017-01-23,,,,0.03369287956747433,3.2429,-3.209207120432526,,
2017-01-24,,,,0.03354667119376951,3.2836999999999996,-3.2501533288062303,,
2017-01-25,,,,0.03348590368066274,3.3463,-3.312814096319337,,
2017-01-26,,,,0.03346374618083754,3.3465000000000003,-3.313036253819163,,
2017-02-03,,,,0.033739027372363485,3.4214,-3.3876609726276365,,
2017-02-06,,,,0.03366381883652936,3.4905,-3.4568361811634705,,
2017-02-07,,,,0.03373372119055608,3.4866,-3.452866278809444,,
2017-02-08,,,,0.033684536145795,3.4591,-3.425415463854205,,
2017-02-09,,,,0.0335559049674657,3.4147999999999996,-3.381244095032534,,
2017-02-10,,,,0.033380305621353155,3.4368000000000003,-3.403419694378647,,
2017-02-13,,,,0.03322643390527141,3.4192,-3.3859735660947288,,
2017-02-14,,,,0.03325998821688675,3.4107,-3.377440011783113,,
2017-02-15,,,,0.03318063128579353,3.4057999999999997,-3.372619368714206,,
2017-02-16,,,,0.033105013144809764,3.3558999999999997,-3.32279498685519,,
2017-02-17,,,,0.03331403107562017,3.3311,-3.29778596892438,,
2017-02-20,,,,0.0327260904485404,3.2812,-3.2484739095514596,,
2017-02-21,,,,0.03272319027317357,3.3013,-3.2685768097268264,,
2017-02-22,,,,0.032615171791405696,3.2839,-3.251284828208594,,
2017-02-23,,,,0.03274543503295127,3.2714,-3.2386545649670486,,
2017-02-24,,,,0.032777596967512285,3.2915,-3.258722403032488,,
2017-02-27,,,,0.03304698779609359,3.2870000000000004,-3.253953012203907,,
2017-02-28,,,,0.0330120782901531,3.2921,-3.2590879217098467,,
2017-03-01,,,,0.03297746598964331,3.3251999999999997,-3.2922225340103566,,
2017-03-02,,,,0.0331922997210578,3.3483,-3.315107700278942,,
2017-03-03,,,,0.03324726929765291,3.3573,-3.324052730702347,,
2017-03-06,,,,0.03325947423154935,3.3615,-3.3282405257684506,,
2017-03-07,,,,0.03313041687933602,3.3643,-3.3311695831206642,,
2017-03-08,,,,0.03310738705914178,3.4088,-3.375692612940858,,
2017-03-09,,,,0.033345986911125156,3.4151000000000002,-3.3817540130888752,,
2017-03-10,,,,0.03341624668807233,3.4156,-3.3821837533119274,,
2017-03-13,,,,0.03328932798583649,3.3851,-3.3518106720141634,,
2017-03-14,,,,0.03319131322182665,3.3653000000000004,-3.3321086867781737,,
2017-03-15,,,,0.0331080445504871,3.3522999999999996,-3.3191919554495124,,
2017-03-16,,,,0.03306013697355242,3.3097000000000003,-3.276639863026448,,
2017-03-17,,,,0.033333118812669156,3.3124000000000002,-3.279066881187331,,
2017-03-20,,,,0.03329059109476764,3.3141,-3.280809408905232,,
2017-03-21,,,,0.032951172871650385,3.3141,-3.2811488271283493,,
2017-03-22,,,,0.03263007882269964,3.3068,-3.2741699211773003,,
2017-03-23,,,,0.03256245731364871,3.3034,-3.270837542686351,,
2017-03-24,,,,0.032332549112084163,3.2529000000000003,-3.2205674508879163,,
2017-03-27,,,,0.0327327856612618,3.2451,-3.2123672143387383,,
2017-03-28,,,,0.032806247924131886,3.2626000000000004,-3.2297937520758686,,
2017-03-29,,,,0.03253525585619015,3.2695000000000003,-3.23696474414381,,
2017-03-30,,,,0.031780330312987826,3.289,-3.257219669687012,,
2017-03-31,,,,0.03079401333906435,3.2828000000000004,-3.252005986660936,,
2017-04-05,,,,0.030511994311029342,3.3102,-3.279688005688971,,
2017-04-06,,,,0.030980254825241985,3.3109,-3.2799197451747584,,
2017-04-07,,,,0.030866869564136954,3.2966,-3.2657331304358634,,
2017-04-10,,,,0.030798732521095253,3.3166,-3.285801267478905,,
2017-04-11,,,,0.030734031425137316,3.3209000000000004,-3.290165968574863,,
2017-04-12,,,,0.030698953608231237,3.3283,-3.297601046391769,,
2017-04-13,,,,0.030756250067812435,3.322,-3.2912437499321876,,
2017-04-14,,,,0.030982495179667415,3.3598000000000003,-3.328817504820333,,
2017-04-17,,,,0.031023717928240966,3.4160000000000004,-3.3849762820717593,,
2017-04-18,,,,0.031157498455387834,3.4063999999999997,-3.3752425015446117,,
2017-04-19,,,,0.03127216128828832,3.4063999999999997,-3.375127838711711,,
2017-04-20,,,,0.03100392130179055,3.424,-3.3929960786982094,,
2017-04-21,,,,0.03086434819139894,3.4614,-3.4305356518086008,,
2017-04-24,,,,0.031042432500582348,3.4991000000000003,-3.468057567499418,,
2017-04-25,,,,0.030867800872100313,3.4568000000000003,-3.4259321991279,,
2017-04-26,,,,0.031039371300606335,3.4519,-3.4208606286993937,,
2017-04-27,,,,0.030517871386594845,3.4494,-3.418882128613405,,
2017-04-28,,,,0.030729672941150032,3.4667999999999997,-3.4360703270588497,,
2017-05-02,,,,0.03218430093287002,3.4869999999999997,-3.4548156990671295,,
2017-05-03,,,,0.03229184625329276,3.5219,-3.4896081537467074,,
2017-05-04,,,,0.03234356222459591,3.5517,-3.519356437775404,,
2017-05-05,,,,0.03235170098622854,3.5591999999999997,-3.5268482990137713,,
2017-05-08,,,,0.03245770266412771,3.6041999999999996,-3.571742297335872,,
2017-05-09,,,,0.03254754090444185,3.6325000000000003,-3.5999524590955585,,
2017-05-10,,,,0.03260306839650595,3.6900000000000004,-3.657396931603494,,
2017-05-11,,,,0.032288528556288006,3.64,-3.607711471443712,,
2017-05-12,,,,0.031824296397730496,3.6525000000000003,-3.6206757036022696,,
2017-05-15,,,,0.03166597952737499,3.61,-3.578334020472625,,
2017-05-16,,,,0.03151315392975338,3.6225,-3.5909868460702468,,
2017-05-17,,,,0.03176025101555319,3.6275000000000004,-3.5957397489844474,,
2017-05-18,,,,0.03185483744999403,3.6075000000000004,-3.5756451625500065,,
2017-05-19,,,,0.031689271530148305,3.6249999999999996,-3.5933107284698513,,
2017-05-22,,,,0.03155772374696738,3.6601000000000004,-3.628542276253033,,
2017-05-23,,,,0.031075620271762083,3.6725,-3.641424379728238,,
2017-05-24,,,,0.031127606442177377,3.6601000000000004,-3.628972393557823,,
2017-05-25,,,,0.030601211223950077,3.6476,-3.61699878877605,,
2017-05-26,,,,0.03060358757654999,3.6500999999999997,-3.61949641242345,,
2017-05-31,,,,0.030488162418401046,3.6102000000000003,-3.5797118375815993,,
2017-06-01,,,,0.030284096351417874,3.6151999999999997,-3.584915903648582,,
2017-06-02,,,,0.030471971905989527,3.6276999999999995,-3.59722802809401,,
2017-06-05,,,,0.030771135720968918,3.6151999999999997,-3.584428864279031,,
2017-06-06,,,,0.030658963611361018,3.6328,-3.602141036388639,,
2017-06-07,,,,0.030312133936933303,3.6427,-3.6123878660630666,,
2017-06-08,,,,0.030073391094141977,3.6477000000000004,-3.6176266089058586,,
2017-06-09,,,,0.029893043255782646,3.6303,-3.6004069567442176,,
2017-06-12,,,,0.029733839976715266,3.5841,-3.5543661600232848,,
2017-06-13,,,,0.02970214562322881,3.5754,-3.545697854376771,,
2017-06-14,,,,0.03026552854446195,3.5353999999999997,-3.5051344714555377,,
2017-06-15,,,,0.030538904835953902,3.5554,-3.524861095164046,,
2017-06-16,,,,0.030845209534608464,3.5680000000000005,-3.537154790465392,,
2017-06-19,,,,0.03055967391246946,3.5006000000000004,-3.4700403260875308,,
2017-06-20,,,,0.03067187183853877,3.4881,-3.4574281281614616,,
2017-06-21,,,,0.030336691672023956,3.5406,-3.510263308327976,,
2017-06-22,,,,0.029975609383577087,3.5606,-3.5306243906164227,,
2017-06-23,,,,0.02969932450496512,3.5457,-3.516000675495035,,
2017-06-26,,,,0.02934293500969767,3.5134,-3.484057064990302,,
2017-06-27,,,,0.02915918398989717,3.5083999999999995,-3.4792408160101025,,
2017-06-28,,,,0.029383814922327972,3.5333000000000006,-3.5039161850776726,,
2017-06-29,,,,0.029265686980601988,3.5483000000000002,-3.5190343130193984,,
2017-06-30,,,,0.029276773159359497,3.5683,-3.5390232268406403,,
2017-07-03,,,,0.02952056317912873,3.6033000000000004,-3.5737794368208715,,
2017-07-04,,,,0.029817111725274056,3.6008999999999998,-3.571082888274726,,
2017-07-05,,,,0.029457546770296793,3.576,-3.546542453229703,,
2017-07-06,,,,0.029412951766806725,3.566,-3.536587048233193,,
2017-07-07,,,,0.029636779363935217,3.5896999999999997,-3.5600632206360645,,
2017-07-10,,,,0.029552282604644528,3.5911,-3.5615477173953556,,
2017-07-11,,,,0.02922313847106418,3.5836,-3.5543768615289357,,
2017-07-12,,,,0.02930308845446379,3.5749000000000004,-3.5455969115455366,,
2017-07-13,,,,0.02909389229101703,3.5642,-3.535106107708983,,
2017-07-14,,,,0.028903968391151946,3.5637000000000003,-3.5347960316088485,,
2017-07-17,,,,0.02888974188330942,3.5625999999999998,-3.5337102581166904,,
2017-07-18,,,,0.028872075875080765,3.5851,-3.5562279241249195,,
2017-07-19,,,,0.028609891996174617,3.5901,-3.5614901080038255,,
2017-07-20,,,,0.028465328453319956,3.5740000000000003,-3.5455346715466804,,
2017-07-21,,,,0.028605104765385716,3.5829,-3.554294895234614,,
2017-07-24,,,,0.02845798354951165,3.5769,-3.5484420164504886,,
2017-07-25,,,,0.0285720611447818,3.592,-3.5634279388552184,,
2017-07-26,,,,0.028735666426041133,3.617,-3.588264333573959,,
2017-07-27,,,,0.02874859115424368,3.6020999999999996,-3.573351408845756,,
2017-07-28,,,,0.028621644038987516,3.6033999999999997,-3.574778355961012,,
2017-07-31,,,,0.028688611972143625,3.626,-3.5973113880278564,,
2017-08-01,,,,0.028404655334543328,3.6373,-3.608895344665457,,
2017-08-02,,,,0.028427083317679448,3.6311000000000004,-3.602672916682321,,
2017-08-03,,,,0.028844023059396998,3.6262000000000003,-3.5973559769406034,,
2017-08-04,,,,0.029075725921592233,3.6262000000000003,-3.597124274078408,,
2017-08-07,,,,0.028917237990075485,3.6626,-3.6336827620099243,,
2017-08-08,,,,0.028975786286161063,3.6538,-3.624824213713839,,
2017-08-09,,,,0.029082891985364352,3.66,-3.6309171080146356,,
2017-08-10,,,,0.02909676592886241,3.6374999999999997,-3.608403234071137,,
2017-08-11,,,,0.029495262977640494,3.6163,-3.5868047370223595,,
2017-08-14,,,,0.02933269560844795,3.5925,-3.563167304391552,,
2017-08-15,,,,0.029197526888033128,3.5801,-3.5509024731119667,,
2017-08-16,,,,0.029346738015835143,3.5987999999999998,-3.569453261984165,,
2017-08-17,,,,0.029276645861016456,3.5926,-3.5633233541389835,,
2017-08-18,,,,0.02919396908738508,3.5950999999999995,-3.5659060309126143,,
2017-08-21,,,,0.02921701292282561,3.6180999999999996,-3.588882987077174,,
2017-08-22,,,,0.029080086825026098,3.6201,-3.5910199131749736,,
2017-08-23,,,,0.02891253314661195,3.6151000000000004,-3.5861874668533886,,
2017-08-24,,,,0.028956669488740167,3.6252,-3.59624333051126,,
2017-08-25,,,,0.028419915090282775,3.6327,-3.604280084909717,,
2017-08-28,,,,0.028226280112332105,3.6502,-3.621973719887668,,
2017-08-29,,,,0.028345342067513567,3.6303,-3.6019546579324864,,
2017-08-30,,,,0.02840321586768481,3.6303,-3.601896784132315,,
2017-08-31,,,,0.028617007532444293,3.6265,-3.597882992467556,,
2017-09-01,,,,0.028715994411062346,3.6353000000000004,-3.606584005588938,,
2017-09-04,,,,0.028689759424966023,3.6454,-3.616710240575034,,
2017-09-05,,,,0.028550981680695225,3.6641,-3.635549018319305,,
2017-09-06,,,,0.028691274640766914,3.6554,-3.6267087253592334,,
2017-09-07,,,,0.02872008693970484,3.6155,-3.5867799130602953,,
2017-09-08,,,,0.02882258054957135,3.6005000000000003,-3.571677419450429,,
2017-09-11,,,,0.02885479174780006,3.6156,-3.5867452082522,,
2017-09-12,,,,0.028712220518692183,3.6180999999999996,-3.5893877794813074,,
2017-09-13,,,,0.028711521710703212,3.6356,-3.606888478289297,,
2017-09-14,,,,0.028737999021374538,3.5982,-3.5694620009786253,,
2017-09-15,,,,0.028674698188799686,3.5982,-3.5695253018112,,
2017-09-18,,,,0.02865714996726512,3.6220000000000003,-3.593342850032735,,
2017-09-19,,,,0.028623801702325903,3.6158,-3.587176198297674,,
2017-09-20,,,,0.028707972235545293,3.6207999999999996,-3.5920920277644544,,
2017-09-21,,,,0.028661343573618346,3.6334,-3.6047386564263815,,
2017-09-22,,,,0.02861608983708475,3.6209,-3.592283910162915,,
2017-09-25,,,,0.028605214619599036,3.5985000000000005,-3.5698947853804013,,
2017-09-26,,,,0.028623607298408345,3.6172000000000004,-3.588576392701592,,
2017-09-27,,,,0.02876096848883148,3.6235000000000004,-3.594739031511169,,
2017-09-28,,,,0.028779467787393043,3.6136,-3.584820532212607,,
2017-09-29,,,,0.028773364910136046,3.6136,-3.584826635089864,,
2017-10-09,,,,0.028417562867178666,3.6477000000000004,-3.6192824371328216,,
2017-10-10,,,,0.02832018889845687,3.6470000000000002,-3.6186798111015435,,
2017-10-11,,,,0.028127254189882604,3.6540000000000004,-3.625872745810118,,
2017-10-12,,,,0.028095215642846165,3.6765,-3.6484047843571537,,
2017-10-13,,,,0.02803790093396537,3.6740000000000004,-3.645962099066035,,
2017-10-16,,,,0.027918154422036736,3.7053999999999996,-3.677481845577963,,
2017-10-17,,,,0.02796418840090525,3.7409,-3.7129358115990945,,
2017-10-18,,,,0.027663545113084987,3.7366,-3.7089364548869153,,
2017-10-19,,,,0.02753859349501433,3.7167,-3.6891614065049856,,
2017-10-20,,,,0.027591161391117103,3.7217000000000002,-3.694108838608883,,
2017-10-23,,,,0.02766229647728731,3.7231,-3.6954377035227126,,
2017-10-24,,,,0.02748423142869529,3.7220000000000004,-3.6945157685713053,,
2017-10-25,,,,0.027437375588517485,3.7768,-3.7493626244114826,,
2017-10-26,,,,0.027272926642801155,3.7768999999999995,-3.7496270733571984,,
2017-10-27,,,,0.02674751549379591,3.8266,-3.799852484506204,,
2017-10-30,,,,0.026842659465062833,3.9114999999999998,-3.884657340534937,,
2017-10-31,,,,0.027008601761000162,3.8917,-3.864691398239,,
2017-11-01,,,,0.027114954642599637,3.8629999999999995,-3.8358850453574,,
2017-11-02,,,,0.027044986050241776,3.8718000000000004,-3.8447550139497584,,
2017-11-03,,,,0.027070635820528915,3.8816,-3.8545293641794713,,
2017-11-06,,,,0.027092216494961806,3.8693999999999997,-3.842307783505038,,
2017-11-07,,,,0.026922996251411247,3.8813,-3.854377003748589,,
2017-11-08,,,,0.026898328703970853,3.8725,-3.8456016712960293,,
2017-11-09,,,,0.026895291692455973,3.8862,-3.859304708307544,,
2017-11-10,,,,0.02667821992218397,3.9,-3.873321780077816,,
2017-11-13,,,,0.02655039271986013,3.95,-3.92344960728014,,
2017-11-14,,,,0.026579535457857496,3.9524999999999997,-3.925920464542142,,
2017-11-15,,,,0.02657374830721733,3.95,-3.9234262516927827,,
2017-11-16,,,,0.026356670168875326,3.9225000000000003,-3.896143329831125,,
2017-11-17,,,,0.02599085089992624,3.92,-3.8940091491000737,,
2017-11-20,,,,0.025910735208479262,3.94,-3.914089264791521,,
2017-11-21,,,,0.025715849267876387,3.95,-3.9242841507321238,,
2017-11-22,,,,0.025612167150997487,3.9849999999999994,-3.9593878328490018,,
2017-11-23,,,,0.026252099245960916,3.9850999999999996,-3.958847900754039,,
2017-11-24,,,,0.026245847328465504,3.9463,-3.9200541526715345,,
2017-11-27,,,,0.026394054371132035,3.9501,-3.923705945628868,,
2017-11-28,,,,0.02645425270409258,3.9600999999999997,-3.933645747295907,,
2017-11-29,,,,0.026465176302119926,3.9101,-3.88363482369788,,
2017-11-30,,,,0.02675115085833488,3.8901,-3.863348849141665,,
2017-12-01,,,,0.026901278208237726,3.8851999999999998,-3.858298721791762,,
2017-12-04,,,,0.026703708286541065,3.8902,-3.863496291713459,,
2017-12-05,,,,0.02633129683074306,3.8752,-3.848868703169257,,
2017-12-06,,,,0.026615797701581637,3.8752,-3.8485842022984182,,
2017-12-07,,,,0.026909671181044075,3.8927000000000005,-3.8657903288189566,,
2017-12-08,,,,0.02684785838361359,3.9101999999999997,-3.883352141616386,,
2017-12-11,,,,0.027481161477043207,3.9303,-3.9028188385229567,,
2017-12-12,,,,0.027863855722960483,3.9378,-3.9099361442770397,,
2017-12-13,,,,0.027599228116545103,3.9303,-3.9027007718834548,,
2017-12-14,,,,0.027780740676155765,3.9104,-3.882619259323844,,
2017-12-15,,,,0.028131054139814534,3.8904,-3.8622689458601855,,
2017-12-18,,,,0.028012908137367475,3.8904,-3.8623870918626326,,
2017-12-19,,,,0.02752525775671771,3.9004999999999996,-3.872974742243282,,
2017-12-20,,,,0.02740757789544649,3.9004999999999996,-3.8730924221045533,,
2017-12-21,,,,0.027221926535885715,3.9004999999999996,-3.873278073464114,,
2017-12-22,,,,0.02729435133346185,3.878,-3.8507056486665383,,
2017-12-25,,,,0.02724467848188772,3.8731,-3.8458553215181124,,
2017-12-26,,,,0.02718648516474153,3.8880999999999997,-3.860913514835258,,
2017-12-27,,,,0.027723707277416083,3.8956,-3.867876292722584,,
2017-12-28,,,,0.027442912473157235,3.8857000000000004,-3.858257087526843,,
2017-12-29,,,,0.027507798121363024,3.8807,-3.853192201878637,,
2018-01-02,,,,0.026983383105465327,3.9008000000000003,-3.873816616894535,,
2018-01-03,,,,0.026965248229672452,3.9162000000000003,-3.889234751770328,,
2018-01-04,,,,0.026660747566649247,3.9319,-3.905239252433351,,
2018-01-05,,,,0.026439192690599737,3.9211000000000005,-3.8946608073094007,,
2018-01-08,,,,0.026361336856912894,3.911,-3.884638663143087,,
2018-01-09,,,,0.026095660245255392,3.8909,-3.8648043397547442,,
2018-01-10,,,,0.02580719388413326,3.9201,-3.894292806115867,,
2018-01-11,,,,0.02583714609669595,3.9545999999999997,-3.928762853903304,,
2018-01-12,,,,0.025525867094207386,3.9336999999999995,-3.908174132905792,,
2018-01-15,,,,0.02512932342168771,3.9648999999999996,-3.939770676578312,,
2018-01-16,,,,0.025109566689773804,3.9596,-3.934490433310226,,
2018-01-17,,,,0.025281002375424435,3.9596,-3.9343189976245756,,
2018-01-18,,,,0.025160754759590988,3.9797,-3.954539245240409,,
2018-01-19,,,,0.02514876279497791,3.9753999999999996,-3.9502512372050216,,
2018-01-22,,,,0.024912034150198856,3.9522000000000004,-3.9272879658498017,,
2018-01-23,,,,0.024604819182991334,3.9414,-3.9167951808170085,,
2018-01-24,,,,0.024697287366728736,3.9507,-3.926002712633271,,
2018-01-25,,,,0.024880114862920157,3.9435,-3.9186198851370797,,
2018-01-26,,,,0.024663078325758574,3.9364999999999997,-3.911836921674241,,
2018-01-29,,,,0.025195169810405232,3.9368,-3.9116048301895945,,
2018-01-30,,,,0.025546788723402897,3.9292000000000002,-3.9036532112765974,,
2018-01-31,,,,0.02517141258314873,3.914,-3.8888285874168513,,
2018-02-01,,,,0.025053808698633672,3.9065999999999996,-3.881546191301366,,
2018-02-02,,,,0.024905887353120715,3.9092000000000002,-3.8842941126468795,,
2018-02-05,,,,0.024775879625634056,3.9167,-3.891924120374366,,
2018-02-06,,,,0.0252450378501475,3.8825,-3.8572549621498524,,
2018-02-07,,,,0.02607846802749247,3.8699999999999997,-3.8439215319725073,,
2018-02-08,,,,0.026710137139959865,3.8801,-3.8533898628600403,,
2018-02-09,,,,0.02790449383207314,3.88,-3.852095506167927,,
2018-02-12,,,,0.02785125011723142,3.875,-3.8471487498827686,,
2018-02-13,,,,0.027338516565105147,3.8699999999999997,-3.8426614834348944,,
2018-02-14,,,,0.027087324302087743,3.8702,-3.8431126756979124,,
2018-02-22,,,,0.026522819587113125,3.8752,-3.8486771804128868,,
2018-02-23,,,,0.02626344162647683,3.8702,-3.843936558373523,,
2018-02-26,,,,0.026206110870036974,3.8451,-3.818893889129963,,
2018-02-27,,,,0.026578870861844635,3.8201,-3.7935211291381554,,
2018-02-28,,,,0.027031502338191588,3.8202,-3.7931684976618083,,
2018-03-01,,,,0.026881670872879182,3.8201,-3.7932183291271206,,
2018-03-02,,,,0.027059228673612865,3.8351999999999995,-3.8081407713263866,,
2018-03-05,,,,0.027084263223244615,3.8453,-3.8182157367767555,,
2018-03-06,,,,0.026801667038884234,3.8253000000000004,-3.798498332961116,,
2018-03-07,,,,0.0268745604313856,3.8203,-3.7934254395686144,,
2018-03-08,,,,0.026563052260212366,3.8203,-3.7937369477397875,,
2018-03-09,,,,0.026497622763519867,3.8278,-3.80130237723648,,
2018-03-12,,,,0.026561055057008388,3.8243,-3.7977389449429917,,
2018-03-13,,,,0.02688324456588277,3.8362,-3.809316755434117,,
2018-03-14,,,,0.026891551876759838,3.8413000000000004,-3.8144084481232405,,
2018-03-15,,,,0.026654880958602967,3.8257,-3.7990451190413967,,
2018-03-16,,,,0.02676380376587121,3.8154,-3.788636196234129,,
2018-03-19,,,,0.026421743560001393,3.8104,-3.7839782564399984,,
2018-03-20,,,,0.02638300334310912,3.7906000000000004,-3.7642169966568915,,
2018-03-21,,,,0.027456174111817562,3.763,-3.735543825888182,,
2018-03-22,,,,0.027730360851738554,3.7479999999999998,-3.720269639148261,,
2018-03-23,,,,0.028268114277723987,3.7005000000000003,-3.6722318857222764,,
2018-03-26,,,,0.03266716558244344,3.7307,-3.698032834417557,,
2018-03-27,,,,0.032807715394283274,3.7431,-3.7102922846057167,,
2018-03-28,,,,0.034328172519705095,3.7406,-3.706271827480295,,
2018-03-29,,,,0.03377478142480631,3.7456000000000005,-3.711825218575194,,
2018-03-30,,,,0.03465598411574752,3.7407000000000004,-3.706044015884253,,
2018-04-02,,,,0.034802136771543576,3.7357,-3.7008978632284566,,
2018-04-03,,,,0.034979522500791504,3.7506999999999997,-3.7157204774992083,,
2018-04-04,,,,0.03481683065225861,3.7234000000000003,-3.6885831693477416,,
2018-04-09,,,,0.03461637203519171,3.6959,-3.661283627964808,,
2018-04-10,,,,0.03388487360818915,3.7158999999999995,-3.6820151263918106,,
2018-04-11,,,,0.03381419179296283,3.7109000000000005,-3.6770858082070377,,
2018-04-12,,,,0.034566328782777926,3.7109000000000005,-3.6763336712172228,,
2018-04-13,,,,0.034854183726080866,3.7062,-3.671345816273919,,
2018-04-16,,,,0.03569392666513458,3.6561000000000003,-3.6204060733348657,,
2018-04-17,,,,0.03636864210650562,3.6512000000000002,-3.6148313578934945,,
2018-04-18,,,,0.035970125395410904,3.5013,-3.4653298746045893,,
2018-04-19,,,,0.03554168885289128,3.5063999999999997,-3.4708583111471083,,
2018-04-20,,,,0.03577764128549676,3.5215000000000005,-3.485722358714504,,
2018-04-23,,,,0.03567288934686538,3.6019,-3.5662271106531347,,
2018-04-24,,,,0.034939714316839655,3.5854999999999997,-3.55056028568316,,
2018-04-25,,,,0.03542674596240486,3.6117999999999997,-3.5763732540375948,,
2018-04-26,,,,0.03597533029805146,3.6344000000000003,-3.5984246697019486,,
2018-04-27,,,,0.03660502881046034,3.6364,-3.5997949711895396,,
2018-05-02,,,,0.03649790403288853,3.6665,-3.6300020959671118,,
2018-05-03,,,,0.036321871312052854,3.6467,-3.6103781286879473,,
2018-05-04,,,,0.0365907275250373,3.6319,-3.5953092724749625,,
2018-05-07,,,,0.03592649788378035,3.6518,-3.61587350211622,,
2018-05-08,,,,0.03536350681017556,3.6922,-3.6568364931898247,,
2018-05-09,,,,0.03533967340194812,3.7074000000000003,-3.6720603265980523,,
2018-05-10,,,,0.03513873044825074,3.6923999999999997,-3.657261269551749,,
2018-05-11,,,,0.03518757009050327,3.6881999999999997,-3.6530124299094964,,
2018-05-14,,,,0.03481469802332567,3.6936999999999998,-3.658885301976674,,
2018-05-15,,,,0.034800513865357235,3.7151000000000005,-3.6802994861346434,,
2018-05-16,,,,0.03524630578383471,3.7076,-3.672353694216165,,
2018-05-17,,,,0.035462550742787806,3.712,-3.6765374492572125,,
2018-05-18,,,,0.034899550116972794,3.7099,-3.6750004498830275,,
2018-05-21,,,,0.03496487569094355,3.6939,-3.6589351243090564,,
2018-05-22,,,,0.0351228820381228,3.6700000000000004,-3.6348771179618775,,
2018-05-23,,,,0.035671624914326655,3.64,-3.6043283750856734,,
2018-05-24,,,,0.035981772520853876,3.6500999999999997,-3.6141182274791457,,
2018-05-25,,,,0.035908630298508236,3.6126,-3.576691369701492,,
2018-05-28,,,,0.035659100051984596,3.6101,-3.5744408999480153,,
2018-05-29,,,,0.035731977655894635,3.6001,-3.564368022344105,,
2018-05-30,,,,0.03642539926352814,3.5976,-3.561174600736472,,
2018-05-31,,,,0.035603316269351835,3.6128,-3.5771966837306484,,
2018-06-01,,,,0.035818469127147465,3.6201999999999996,-3.5843815308728524,,
2018-06-04,,,,0.03504669558211795,3.6532,-3.618153304417882,,
2018-06-05,,,,0.03509024312080587,3.6601000000000004,-3.6250097568791944,,
2018-06-06,,,,0.03529861122352945,3.6602,-3.6249013887764705,,
2018-06-07,,,,0.03536849704141741,3.6702,-3.6348315029585825,,
2018-06-08,,,,0.035830282290121133,3.6452999999999998,-3.6094697177098785,,
2018-06-11,,,,0.035723007535054495,3.6502,-3.6144769924649456,,
2018-06-12,,,,0.035209098047130606,3.6853,-3.6500909019528693,,
2018-06-13,,,,0.03527150825563065,3.6627,-3.6274284917443693,,
2018-06-14,,,,0.03526906758344416,3.6227,-3.587430932416556,,
2018-06-15,,,,0.03529807443489423,3.6028,-3.5675019255651055,,
2018-06-19,,,,0.03604301956311026,3.5603000000000002,-3.52425698043689,,
2018-06-20,,,,0.036067106284641444,3.6054000000000004,-3.569332893715359,,
2018-06-21,,,,0.03624855741270329,3.5753,-3.5390514425872968,,
2018-06-22,,,,0.03641908846561213,3.5603999999999996,-3.5239809115343874,,
2018-06-25,,,,0.0369852530443201,3.5803000000000003,-3.54331474695568,,
2018-06-26,,,,0.03757343449539031,3.5804,-3.5428265655046096,,
2018-06-27,,,,0.03823881925143133,3.5528999999999997,-3.5146611807485684,,
2018-06-28,,,,0.038665208143630184,3.5304,-3.49173479185637,,
2018-06-29,,,,0.037872085604503766,3.4756,-3.4377279143954964,,
2018-07-02,,,,0.0393868273636425,3.4667999999999997,-3.4274131726363573,,
2018-07-03,,,,0.039410091429040686,3.4955,-3.4560899085709593,,
2018-07-04,,,,0.03973382547346114,3.5107,-3.4709661745265388,,
2018-07-05,,,,0.03949648856318586,3.5005,-3.4610035114368145,,
2018-07-06,,,,0.03916368650136538,3.5259,-3.4867363134986347,,
2018-07-09,,,,0.03812301917222286,3.5431999999999997,-3.5050769808277766,,
2018-07-10,,,,0.03810634445047964,3.5431,-3.5049936555495202,,
2018-07-11,,,,0.03867699254210715,3.5107,-3.4720230074578926,,
2018-07-12,,,,0.038203493672444404,3.5158,-3.4775965063275556,,
2018-07-13,,,,0.03807726393633301,3.4858000000000002,-3.447722736063667,,
2018-07-16,,,,0.038516556359233456,3.4808,-3.4422834436407665,,
2018-07-17,,,,0.038951658517799574,3.4808,-3.4418483414822005,,
2018-07-18,,,,0.039121336223745154,3.4708,-3.431678663776255,,
2018-07-19,,,,0.03892105276251171,3.4409,-3.401978947237488,,
2018-07-20,,,,0.03799790671057188,3.5135,-3.4755020932894283,,
2018-07-23,,,,0.03763394801319213,3.5186,-3.480966051986808,,
2018-07-24,,,,0.03718666593707201,3.5615,-3.5243133340629282,,
2018-07-25,,,,0.037159390771875994,3.5614,-3.5242406092281238,,
2018-07-26,,,,0.03751066564980233,3.5361,-3.4985893343501973,,
2018-07-27,,,,0.0375658307805111,3.5212,-3.483634169219489,,
2018-07-30,,,,0.037455375880191676,3.5213,-3.483844624119808,,
2018-07-31,,,,0.037278487332982994,3.4812000000000003,-3.4439215126670173,,
2018-08-01,,,,0.03809264050296766,3.4638,-3.425707359497032,,
2018-08-02,,,,0.03907708100260738,3.4713000000000003,-3.4322229189973927,,
2018-08-03,,,,0.03944354760481488,3.4567,-3.4172564523951854,,
2018-08-06,,,,0.03959804783351191,3.4567,-3.417101952166488,,
2018-08-07,,,,0.038467504656932834,3.4875999999999996,-3.4491324953430667,,
2018-08-08,,,,0.03911931905555821,3.5222,-3.483080680944442,,
2018-08-09,,,,0.03825615657536735,3.5476,-3.5093438434246327,,
2018-08-10,,,,0.03836668731636487,3.5525,-3.514133312683635,,
2018-08-13,,,,0.03879641074234463,3.5826,-3.543803589257655,,
2018-08-14,,,,0.03893365717195545,3.5519000000000003,-3.5129663428280447,,
2018-08-15,,,,0.03985119935482429,3.5829,-3.5430488006451757,,
2018-08-16,,,,0.040118829685837624,3.6141,-3.5739811703141626,,
2018-08-17,,,,0.04051154083297678,3.6524,-3.6118884591670235,,
2018-08-20,,,,0.03989862613057112,3.6325999999999996,-3.5927013738694287,,
2018-08-21,,,,0.039242353870872125,3.63,-3.590757646129128,,
2018-08-22,,,,0.039523297719231514,3.6075000000000004,-3.567976702280769,,
2018-08-23,,,,0.039420772936732,3.6101,-3.570679227063268,,
2018-08-24,,,,0.039263390211982226,3.6201,-3.5808366097880175,,
2018-08-27,,,,0.039363464903062306,3.6303,-3.5909365350969376,,
2018-08-28,,,,0.039537991769290036,3.6101,-3.57056200823071,,
2018-08-29,,,,0.0396527302008192,3.6101,-3.570447269799181,,
2018-08-30,,,,0.039948992414633816,3.5801,-3.540151007585366,,
2018-08-31,,,,0.039411279742904516,3.5751,-3.5356887202570952,,
2018-09-03,,,,0.03945835956259773,3.5950999999999995,-3.555641640437402,,
2018-09-04,,,,0.038833010454148296,3.6101,-3.571266989545852,,
2018-09-05,,,,0.03989791641997138,3.6101,-3.5702020835800288,,
2018-09-06,,,,0.04034950915374533,3.6101,-3.5697504908462547,,
2018-09-07,,,,0.03999390038337942,3.6301,-3.5901060996166207,,
2018-09-10,,,,0.040233610232888475,3.6551,-3.6148663897671116,,
2018-09-11,,,,0.04043235670002255,3.6751,-3.6346676432999776,,
2018-09-12,,,,0.04077282136655165,3.6551,-3.6143271786334483,,
2018-09-13,,,,0.04013187328539484,3.6526000000000005,-3.6124681267146057,,
2018-09-14,,,,0.039884004380795916,3.6351,-3.595215995619204,,
2018-09-17,,,,0.04017096843709672,3.6327,-3.5925290315629033,,
2018-09-18,,,,0.03935139531764407,3.6452,-3.605848604682356,,
2018-09-19,,,,0.038802811515679374,3.6727000000000003,-3.6338971884843208,,
2018-09-20,,,,0.03891384277922621,3.7003,-3.6613861572207735,,
2018-09-21,,,,0.037573063531738504,3.6752,-3.637626936468261,,
2018-09-25,,,,0.03796710502647839,3.6753,-3.6373328949735217,,
2018-09-26,,,,0.03732156293280884,3.6503,-3.6129784370671914,,
2018-09-27,,,,0.03745400859658891,3.6253,-3.587845991403411,,
2018-09-28,,,,0.03697398466821058,3.6153,-3.5783260153317893,,
2018-10-08,,,,0.03897307424142755,3.6155,-3.5765269257585723,,
2018-10-09,,,,0.03892720479947814,3.6155,-3.576572795200522,,
2018-10-10,,,,0.03914254737663676,3.6156,-3.5764574526233632,,
2018-10-11,,,,0.040798651834166096,3.5805999999999996,-3.5398013481658333,,
2018-10-12,,,,0.039932452413926296,3.5831,-3.5431675475860738,,
2018-10-15,,,,0.0404312977731295,3.5857,-3.5452687022268705,,
2018-10-16,,,,0.040322705691349915,3.5757,-3.53537729430865,,
2018-10-17,,,,0.04017825753248657,3.5806999999999998,-3.5405217424675133,,
2018-10-18,,,,0.04122132499729649,3.5507999999999997,-3.5095786750027034,,
2018-10-19,,,,0.039813774653956316,3.5658000000000003,-3.525986225346044,,
2018-10-22,,,,0.038560535363129166,3.5909999999999997,-3.5524394646368704,,
2018-10-23,,,,0.03993530585578123,3.5709,-3.5309646941442185,,
2018-10-24,,,,0.03975801368891349,3.5409,-3.5011419863110866,,
2018-10-25,,,,0.03958620695313058,3.5409,-3.5013137930468696,,
2018-10-26,,,,0.03974499996442339,3.5409999999999995,-3.501255000035576,,
2018-10-29,,,,0.041424604060284434,3.5111000000000003,-3.4696753959397157,,
2018-10-30,,,,0.04118154555084705,3.5161,-3.4749184544491527,,
2018-10-31,,,,0.04070459286127106,3.5086,-3.467895407138729,,
2018-11-01,,,,0.04051815225137651,3.4936000000000003,-3.453081847748624,,
2018-11-02,,,,0.03923725370594017,3.5461,-3.50686274629406,,
2018-11-05,,,,0.03978313371736558,3.5312,-3.4914168662826346,,
2018-11-06,,,,0.03995536784564147,3.5113,-3.4713446321543584,,
2018-11-07,,,,0.04026779245722435,3.4812999999999996,-3.4410322075427753,,
2018-11-08,,,,0.0401136399839383,3.4812999999999996,-3.4411863600160615,,
2018-11-09,,,,0.04100732391098955,3.4763,-3.4352926760890106,,
2018-11-12,,,,0.04090765439715082,3.4865,-3.445592345602849,,
2018-11-13,,,,0.04060809627851088,3.474,-3.4333919037214895,,
2018-11-14,,,,0.04122029367595512,3.4217999999999997,-3.3805797063240446,,
2018-11-15,,,,0.040810111345502866,3.3915,-3.350689888654497,,
2018-11-16,,,,0.0406474676185121,3.3515,-3.310852532381488,,
2018-11-19,,,,0.040164448171378965,3.3772,-3.337035551828621,,
2018-11-20,,,,0.040871238170731725,3.3771000000000004,-3.3362287618292688,,
2018-11-21,,,,0.04089841944127604,3.3716000000000004,-3.330701580558724,,
2018-11-22,,,,0.04108555897501359,3.3917,-3.3506144410249865,,
2018-11-23,,,,0.041697880221130884,3.3917,-3.3500021197788694,,
2018-11-26,,,,0.04158868811271932,3.4151000000000002,-3.373511311887281,,
2018-11-27,,,,0.04172622226671916,3.4000000000000004,-3.3582737777332814,,
2018-11-28,,,,0.04125596541122031,3.37,-3.3287440345887798,,
2018-11-29,,,,0.04158500542894672,3.36,-3.3184149945710533,,
2018-11-30,,,,0.041127216350118984,3.3550000000000004,-3.3138727836498814,,
2018-12-03,,,,0.04002066276364742,3.35,-3.309979337236353,,
2018-12-04,,,,0.040036363293098745,3.305,-3.2649636367069013,,
2018-12-05,,,,0.04022875721610033,3.2750000000000004,-3.2347712427839,,
2018-12-06,,,,0.04096337601269316,3.2751,-3.234136623987307,,
2018-12-07,,,,0.040982602970700756,3.2853,-3.2443173970292993,,
2018-12-10,,,,0.04139223824335842,3.2678,-3.2264077617566413,,
2018-12-11,,,,0.041246053846830846,3.2652,-3.2239539461531694,,
2018-12-12,,,,0.041005903754898036,3.2703,-3.229294096245102,,
2018-12-13,,,,0.040434202048174384,3.3311,-3.2906657979518257,,
2018-12-14,,,,0.04097459052113124,3.3468,-3.3058254094788686,,
2018-12-17,,,,0.04459865458487274,3.3713,-3.3267013454151275,,
2018-12-18,,,,0.04495890981812682,3.3714,-3.326441090181873,,
2018-12-19,,,,0.04522967161462489,3.3411999999999997,-3.295970328385375,,
2018-12-20,,,,0.045894771301729594,3.3002999999999996,-3.25440522869827,,
2018-12-21,,,,0.04623703745299611,3.3168,-3.2705629625470043,,
2018-12-24,,,,0.046157309619900555,3.3483,-3.3021426903800997,,
2018-12-25,,,,0.046147402260009227,3.3112999999999997,-3.2651525977399904,,
2018-12-26,,,,0.045988156179999545,3.3011,-3.2551118438200004,,
2018-12-27,,,,0.04593660739660035,3.2709,-3.2249633926034,,
2018-12-28,,,,0.045669261193589,3.2315000000000005,-3.1858307388064113,,
2019-01-02,,,,0.046560956163675594,3.1734,-3.1268390438363243,,
2019-01-03,,,,0.046419550551523435,3.141,-3.0945804494484768,,
2019-01-04,,,,0.04577698484136237,3.1513,-3.1055230151586377,,
2019-01-07,,,,0.045887148384360026,3.1507,-3.10481285161564,,
2019-01-08,,,,0.046071713762185676,3.1210999999999998,-3.075028286237814,,
2019-01-09,,,,0.04565364938031316,3.1106000000000003,-3.064946350619687,,
2019-01-10,,,,0.04600679507806917,3.1006,-3.0545932049219306,,
2019-01-11,,,,0.0457319980809755,3.1058,-3.0600680019190243,,
2019-01-14,,,,0.04608959575097971,3.1296999999999997,-3.0836104042490198,,
2019-01-15,,,,0.04566548536984369,3.1383,-3.0926345146301566,,
2019-01-16,,,,0.04556071062316479,3.0745,-3.028939289376835,,
2019-01-17,,,,0.04558337617636382,3.076,-3.030416623823636,,
2019-01-18,,,,0.0445374869979105,3.0909,-3.0463625130020895,,
2019-01-21,,,,0.04431588330677466,3.1037,-3.0593841166932254,,
2019-01-22,,,,0.04467078412978456,3.1071,-3.0624292158702153,,
2019-01-23,,,,0.044449584758835835,3.1189999999999998,-3.074550415241164,,
2019-01-24,,,,0.04421226403043546,3.1338,-3.0895877359695643,,
2019-01-25,,,,0.04360477178670284,3.1398,-3.0961952282132974,,
2019-01-28,,,,0.04365412115503254,3.1397,-3.096045878844967,,
2019-01-29,,,,0.04327189144617518,3.1246,-3.0813281085538247,,
2019-01-30,,,,0.04334703603135092,3.1151,-3.071752963968649,,
2019-01-31,,,,0.04257975106787105,3.1037,-3.061120248932129,,
2019-02-01,,,,0.042559289743980204,3.1032,-3.06064071025602,,
2019-02-11,,,,0.04256963566117423,3.0669999999999997,-3.0244303643388255,,
2019-02-12,,,,0.042506991132192404,3.0748,-3.032293008867808,,
2019-02-13,,,,0.041993912486974566,3.0719,-3.0299060875130253,,
2019-02-14,,,,0.04231588536002303,3.0726,-3.030284114639977,,
2019-02-15,,,,0.04328254328367995,3.0793,-3.03601745671632,,
2019-02-18,,,,0.04251317220978904,3.1094,-3.066886827790211,,
2019-02-19,,,,0.042610523570111976,3.1279000000000003,-3.0852894764298884,,
2019-02-20,,,,0.04249559346786663,3.1196,-3.0771044065321336,,
2019-02-21,,,,0.042699694481636075,3.1361,-3.093400305518364,,
2019-02-22,,,,0.042510473046840164,3.1451,-3.10258952695316,,
2019-02-25,,,,0.04028944372631814,3.1787,-3.138410556273682,,
2019-02-26,,,,0.04110443756793977,3.1877000000000004,-3.1465955624320605,,
2019-02-27,,,,0.04082582229823681,3.1689000000000003,-3.1280741777017633,,
2019-02-28,,,,0.04104440483113137,3.1731000000000003,-3.1320555951688687,,
2019-03-01,,,,0.04019586876690204,3.1870000000000003,-3.146804131233098,,
2019-03-04,,,,0.039952245032246855,3.2023,-3.162347754967753,,
2019-03-05,,,,0.040081709951179975,3.2148999999999996,-3.1748182900488198,,
2019-03-06,,,,0.039910041275387914,3.2021,-3.1621899587246123,,
2019-03-07,,,,0.040563776620256384,3.1572000000000005,-3.116636223379744,,
2019-03-08,,,,0.04195252356191029,3.1423,-3.1003474764380896,,
2019-03-11,,,,0.04168478683360894,3.1374,-3.095715213166391,,
2019-03-12,,,,0.04144960552566925,3.1424,-3.1009503944743306,,
2019-03-13,,,,0.04166108668861918,3.1375,-3.095838913311381,,
2019-03-14,,,,0.04171898552258377,3.1475000000000004,-3.1057810144774165,,
2019-03-15,,,,0.041422917006732375,3.1376,-3.0961770829932678,,
2019-03-18,,,,0.040669462869953016,3.1377,-3.0970305371300473,,
2019-03-19,,,,0.04079497830814911,3.1377,-3.096905021691851,,
2019-03-20,,,,0.04079912636764203,3.1453,-3.1045008736323583,,
2019-03-21,,,,0.04100762219631103,3.1290999999999998,-3.088092377803689,,
2019-03-22,,,,0.04099758170753054,3.108,-3.0670024182924696,,
2019-03-25,,,,0.04217821082420364,3.0831,-3.0409217891757963,,
2019-03-26,,,,0.0426471134660873,3.0633,-3.0206528865339126,,
2019-03-27,,,,0.042117367326041814,3.0882,-3.0460826326739583,,
2019-03-28,,,,0.04271360733030916,3.0634,-3.020686392669691,,
2019-03-29,,,,0.04199041544718448,3.0683,-3.0263095845528154,,
2019-04-01,,,,0.041687414759795524,3.1332,-3.0915125852402046,,
2019-04-02,,,,0.04107277351730732,3.1681,-3.1270272264826926,,
2019-04-03,,,,0.040690129293532974,3.2331,-3.192409870706467,,
2019-04-04,,,,0.03997267755284195,3.2679,-3.227927322447158,,
2019-04-08,,,,0.04000482399660142,3.2481999999999998,-3.2081951760033984,,
2019-04-09,,,,0.04013814179036464,3.2882000000000002,-3.2480618582096357,,
2019-04-10,,,,0.04021950687688647,3.2932,-3.252980493123114,,
2019-04-11,,,,0.040567893599639256,3.2784,-3.2378321064003606,,
2019-04-12,,,,0.04066627985096106,3.3334,-3.292733720149039,,
2019-04-15,,,,0.04033411128527687,3.3736,-3.333265888714723,,
2019-04-16,,,,0.03905655323499085,3.3937000000000004,-3.3546434467650097,,
2019-04-17,,,,0.03901273400040645,3.3937000000000004,-3.354687265999594,,
2019-04-18,,,,0.03951703247847749,3.3589,-3.3193829675215225,,
2019-04-19,,,,0.03927867212629496,3.3741,-3.334821327873705,,
2019-04-22,,,,0.04038257690118558,3.4091000000000005,-3.368717423098815,,
2019-04-23,,,,0.04040766266336428,3.3993,-3.358892337336636,,
2019-04-24,,,,0.04039610646262986,3.4343,-3.39390389353737,,
2019-04-25,,,,0.04097256350565312,3.4193000000000002,-3.378327436494347,,
2019-04-26,,,,0.04142724294627393,3.4042999999999997,-3.362872757053726,,
2019-04-29,,,,0.04083285988391143,3.4268,-3.3859671401160885,,
2019-04-30,,,,0.04280274825458081,3.3869000000000002,-3.3440972517454193,,
2019-05-06,,,,0.04417543264193876,3.3550000000000004,-3.3108245673580616,,
2019-05-07,,,,0.044243370702859934,3.3550999999999997,-3.31085662929714,,
2019-05-08,,,,0.04488724260941738,3.3425999999999996,-3.297712757390582,,
2019-05-09,,,,0.045512593108812616,3.3116,-3.266087406891187,,
2019-05-10,,,,0.044582843203409196,3.3017,-3.257117156796591,,
2019-05-13,,,,0.0451008281182513,3.2708,-3.2256991718817485,,
2019-05-14,,,,0.04538091549008352,3.2858,-3.2404190845099166,,
2019-05-15,,,,0.044761008746525846,3.2762,-3.231438991253474,,
2019-05-16,,,,0.04464286642404047,3.2661999999999995,-3.221557133575959,,
2019-05-17,,,,0.04516987720074328,3.2664999999999997,-3.2213301227992566,,
2019-05-20,,,,0.04503009490828241,3.2717000000000005,-3.2266699050917182,,
2019-05-21,,,,0.04475093178708629,3.299,-3.2542490682129137,,
2019-05-22,,,,0.04481373509753085,3.3264,-3.281586264902469,,
2019-05-23,,,,0.04506587547720613,3.3099999999999996,-3.2649341245227936,,
2019-05-24,,,,0.04480190521883339,3.3125,-3.2676980947811667,,
2019-05-27,,,,0.04473275746207955,3.35,-3.3052672425379206,,
2019-05-28,,,,0.04441301302059199,3.3099999999999996,-3.2655869869794074,,
2019-05-29,,,,0.04471157604607489,3.2875,-3.2427884239539253,,
2019-05-30,,,,0.044524790580110385,3.2750000000000004,-3.23047520941989,,
2019-05-31,,,,0.04470533444751663,3.2750000000000004,-3.2302946655524836,,
2019-06-03,,,,0.04464350041714079,3.2401,-3.195456499582859,,
2019-06-04,,,,0.044600691534977484,3.2100999999999997,-3.165499308465022,,
2019-06-05,,,,0.04439717022249957,3.2099999999999995,-3.1656028297775,,
2019-06-06,,,,0.04448910430925323,3.2135999999999996,-3.1691108956907463,,
2019-06-10,,,,0.04397946766189745,3.2251000000000003,-3.181120532338103,,
2019-06-11,,,,0.04356839537761384,3.2651,-3.221531604622386,,
2019-06-12,,,,0.04378359923255493,3.2601,-3.216316400767445,,
2019-06-13,,,,0.043995335641566505,3.2451,-3.2011046643584335,,
2019-06-14,,,,0.044108402831451725,3.2302,-3.186091597168548,,
2019-06-17,,,,0.04396299254801815,3.2252,-3.181237007451982,,
2019-06-18,,,,0.04380007842091747,3.2302,-3.1863999215790826,,
2019-06-19,,,,0.04365395000240369,3.2426999999999997,-3.199046049997596,,
2019-06-20,,,,0.04299218722478953,3.2352,-3.1922078127752105,,
2019-06-21,,,,0.04328075105256229,3.2302999999999997,-3.1870192489474376,,
2019-06-24,,,,0.043153388297580045,3.2452,-3.20204661170242,,
2019-06-25,,,,0.043748205443752596,3.2353,-3.1915517945562475,,
2019-06-26,,,,0.04376982297443041,3.2453000000000003,-3.2015301770255697,,
2019-06-27,,,,0.04350179018231667,3.2553,-3.2117982098176836,,
2019-06-28,,,,0.043654166254507014,3.2253999999999996,-3.1817458337454925,,
2019-07-01,,,,0.04319480152032936,3.2253999999999996,-3.18220519847967,,
2019-07-02,,,,0.04310468577062018,3.1704000000000003,-3.12729531422938,,
2019-07-03,,,,0.04338762591214462,3.1553999999999998,-3.112012374087855,,
2019-07-04,,,,0.043341020133844166,3.1479,-3.1045589798661557,,
2019-07-05,,,,0.04332577823258967,3.1704999999999997,-3.12717422176741,,
2019-07-08,,,,0.044034352800889416,3.1805,-3.1364656471991106,,
2019-07-09,,,,0.044305220126642356,3.168,-3.123694779873358,,
2019-07-10,,,,0.0448892469569891,3.1706,-3.125710753043011,,
2019-07-11,,,,0.04471625433797022,3.168,-3.1232837456620297,,
2019-07-12,,,,0.044493677299965895,3.1531000000000002,-3.1086063227000342,,
2019-07-15,,,,0.044495315126550486,3.1782,-3.1337046848734493,,
2019-07-16,,,,0.04449454228244893,3.1732000000000005,-3.1287054577175515,,
2019-07-17,,,,0.044651932430014765,3.1757,-3.131048067569985,,
2019-07-18,,,,0.04471283343009829,3.1607999999999996,-3.1160871665699013,,
2019-07-19,,,,0.04429450061396232,3.1558999999999995,-3.1116054993860374,,
2019-07-22,,,,0.04436201091998095,3.1483999999999996,-3.1040379890800187,,
2019-07-23,,,,0.04421495153629627,3.1483999999999996,-3.1041850484637035,,
2019-07-24,,,,0.043971712752124845,3.1710000000000003,-3.1270282872478754,,
2019-07-25,,,,0.043727795687789214,3.1635000000000004,-3.1197722043122114,,
2019-07-26,,,,0.04373622628700271,3.1661,-3.1223637737129972,,
2019-07-29,,,,0.043777299502654805,3.1836,-3.1398227004973456,,
2019-07-30,,,,0.04361456616478486,3.1761,-3.1324854338352153,,
2019-07-31,,,,0.04391044075116516,3.1552,-3.1112895592488345,,
2019-08-01,,,,0.04422800348177711,3.1487000000000003,-3.1044719965182233,,
2019-08-02,,,,0.044725983309798795,3.0913,-3.0465740166902013,,
2019-08-05,,,,0.04553216481338741,3.0563,-3.0107678351866123,,
2019-08-06,,,,0.046033002154985576,3.0613,-3.0152669978450146,,
2019-08-07,,,,0.04621132681166873,3.0514,-3.0051886731883313,,
2019-08-08,,,,0.045655150409945534,3.0465,-3.0008448495900546,,
2019-08-09,,,,0.04572810582544994,3.0216,-2.97587189417455,,
2019-08-12,,,,0.04537471618349005,3.0391000000000004,-2.9937252838165103,,
2019-08-13,,,,0.045759542291419854,3.0041,-2.9583404577085806,,
2019-08-14,,,,0.04578019355389678,3.0105,-2.9647198064461033,,
2019-08-15,,,,0.04572025866596315,3.0115,-2.9657797413340368,,
2019-08-16,,,,0.04584343673818288,3.0217,-2.975856563261817,,
2019-08-19,,,,0.045595467257820196,3.0191,-2.97350453274218,,
2019-08-20,,,,0.045839651654410306,3.0317,-2.9858603483455894,,
2019-08-21,,,,0.045837625820295366,3.0567,-3.010862374179705,,
2019-08-22,,,,0.04600967014797982,3.0543,-3.00829032985202,,
2019-08-23,,,,0.04573686906482066,3.0644,-3.0186631309351792,,
2019-08-26,,,,0.04632323482229634,3.0494,-3.0030767651777035,,
2019-08-27,,,,0.04596893042169663,3.052,-3.0060310695783032,,
2019-08-28,,,,0.04615678438003035,3.052,-3.0058432156199695,,
2019-08-29,,,,0.04628731193715526,3.032,-2.985712688062845,,
2019-08-30,,,,0.04635438552598377,3.0572,-3.0108456144740163,,
2019-09-02,,,,0.046271442733656604,3.0723000000000003,-3.0260285572663435,,
2019-09-03,,,,0.04626385560006073,3.0624,-3.016136144399939,,
2019-09-04,,,,0.04558624579294118,3.0473,-3.0017137542070587,,
2019-09-05,,,,0.04523906990428768,3.0172999999999996,-2.972060930095712,,
2019-09-06,,,,0.04500275035169996,3.0172999999999996,-2.9722972496482996,,
2019-09-09,,,,0.0450323220782354,3.025,-2.9799676779217643,,
2019-09-10,,,,0.04522764416269787,3.0425,-2.997272355837302,,
2019-09-11,,,,0.04491613746078717,3.0525,-3.007583862539213,,
2019-09-12,,,,0.04470888139396303,3.0876,-3.042891118606037,,
2019-09-16,,,,0.04480552670046828,3.0926,-3.0477944732995317,,
2019-09-17,,,,0.045350267363457694,3.1076,-3.0622497326365425,,
2019-09-18,,,,0.04533977689766838,3.1277,-3.0823602231023317,,
2019-09-19,,,,0.04536236448402129,3.1053,-3.059937635515979,,
2019-09-20,,,,0.04526686688373877,3.098,-3.052733133116261,,
2019-09-23,,,,0.04572957193172633,3.1005000000000003,-3.0547704280682737,,
2019-09-24,,,,0.045701019191597636,3.1205,-3.074798980808402,,
2019-09-25,,,,0.04584503346233283,3.1157,-3.069854966537667,,
2019-09-26,,,,0.04546656104844104,3.1381,-3.0926334389515593,,
2019-09-27,,,,0.04554629825441777,3.1482,-3.102653701745582,,
2019-09-30,,,,0.04584566844462126,3.1411000000000002,-3.095254331555379,,
2019-10-08,,,,0.045449261039813796,3.1063,-3.0608507389601862,,
2019-10-09,,,,0.045125613284833256,3.1088999999999998,-3.0637743867151666,,
2019-10-10,,,,0.04513231687723636,3.1289,-3.0837676831227636,,
2019-10-11,,,,0.044576863115213076,3.1564,-3.111823136884787,,
2019-10-14,,,,0.04406365351550367,3.1641000000000004,-3.120036346484497,,
2019-10-15,,,,0.04410151546566696,3.1668000000000003,-3.1226984845343333,,
2019-10-16,,,,0.044129285165810946,3.1693,-3.125170714834189,,
2019-10-17,,,,0.04417152976746211,3.1568,-3.1126284702325377,,
2019-10-18,,,,0.04457787262690651,3.1870000000000003,-3.1424221273730937,,
2019-10-21,,,,0.04408310254681118,3.2196000000000002,-3.175516897453189,,
2019-10-22,,,,0.04403654977807764,3.2196000000000002,-3.1755634502219228,,
2019-10-23,,,,0.04397835537205441,3.2121999999999997,-3.168221644627945,,
2019-10-24,,,,0.043709034903311746,3.2196000000000002,-3.1758909650966887,,
2019-10-25,,,,0.043623432625338285,3.2371999999999996,-3.1935765673746612,,
2019-10-28,,,,0.043860552167895694,3.2924,-3.2485394478321044,,
2019-10-29,,,,0.044127503706780216,3.3029,-3.25877249629322,,
2019-10-30,,,,0.04413791951758225,3.3125,-3.268362080482418,,
2019-10-31,,,,0.04423273525225447,3.288,-3.243767264747745,,
2019-11-01,,,,0.04380283770496508,3.2757,-3.2318971622950348,,
2019-11-04,,,,0.043685020327368776,3.2954,-3.2517149796726312,,
2019-11-05,,,,0.043436785463440465,3.2453999999999996,-3.2019632145365593,,
2019-11-06,,,,0.04320658845204573,3.2555,-3.2122934115479542,,
2019-11-07,,,,0.04328889850431891,3.2736,-3.230311101495681,,
2019-11-08,,,,0.043797618849417415,3.2765000000000004,-3.232702381150583,,
2019-11-11,,,,0.04446931010444962,3.2462999999999997,-3.20183068989555,,
2019-11-12,,,,0.04438239531375354,3.2550000000000003,-3.210617604686247,,
2019-11-13,,,,0.04457856443561384,3.237,-3.1924214355643863,,
2019-11-14,,,,0.04476769867541397,3.2555,-3.210732301324586,,
2019-11-15,,,,0.044718552370930836,3.2355,-3.1907814476290692,,
2019-11-18,,,,0.044439267906752775,3.1993,-3.154860732093247,,
2019-11-19,,,,0.0442640053331657,3.1742,-3.1299359946668344,,
2019-11-20,,,,0.04469932591907575,3.1746999999999996,-3.130000674080924,,
2019-11-21,,,,0.044793193131906946,3.1749,-3.1301068068680933,,
2019-11-22,,,,0.044825855637792615,3.1746999999999996,-3.129874144362207,,
2019-11-25,,,,0.04411582117198814,3.1875,-3.1433841788280117,,
2019-11-26,,,,0.04410413304625885,3.1675,-3.123395866953741,,
2019-11-27,,,,0.04408908907691904,3.17,-3.1259109109230807,,
2019-11-28,,,,0.04434652457853151,3.1649999999999996,-3.120653475421468,,
2019-11-29,,,,0.04457946573390616,3.1649999999999996,-3.1204205342660933,,
2019-12-02,,,,0.0445095276121288,3.2062,-3.161690472387871,,
2019-12-03,,,,0.04443307589565372,3.1746000000000003,-3.1301669241043464,,
2019-12-04,,,,0.04462631042267568,3.1751,-3.1304736895773244,,
2019-12-05,,,,0.044532735023708525,3.1776,-3.1330672649762916,,
2019-12-06,,,,0.04455758099663204,3.1751,-3.130542419003368,,
2019-12-09,,,,0.04453980498424453,3.1903,-3.1457601950157557,,
2019-12-10,,,,0.04468719960350985,3.1776,-3.13291280039649,,
2019-12-11,,,,0.04445705977117868,3.1702,-3.1257429402288213,,
2019-12-12,,,,0.04443998167278631,3.1652,-3.1207600183272137,,
2019-12-13,,,,0.043803319144894416,3.1828000000000003,-3.1389966808551057,,
2019-12-16,,,,0.047567125042749556,3.1854,-3.1378328749572506,,
2019-12-17,,,,0.04706966539748295,3.2133000000000003,-3.1662303346025173,,
2019-12-18,,,,0.04699153967853228,3.2138,-3.1668084603214677,,
2019-12-19,,,,0.04683782990407337,3.2139,-3.1670621700959267,,
2019-12-20,,,,0.04680827325491215,3.1808000000000005,-3.1339917267450885,,
2019-12-23,,,,0.04720197606940135,3.1661,-3.1188980239305986,,
2019-12-24,,,,0.04715951614446909,3.1535,-3.106340483855531,,
2019-12-25,,,,0.04730979973572551,3.1462999999999997,-3.098990200264274,,
2019-12-26,,,,0.04688660160031118,3.1137,-3.066813398399689,,
2019-12-27,,,,0.046765853256184604,3.1292,-3.0824341467438154,,
2019-12-30,,,,0.046647952716474414,3.1322,-3.085552047283526,,
2019-12-31,,,,0.0466333451474668,3.1365,-3.089866654852533,,
2020-01-02,,,,0.04601718526047971,3.1485,-3.10248281473952,,
2020-01-03,,,,0.045994267463005195,3.1428,-3.0968057325369944,,
2020-01-06,,,,0.04629896215744823,3.1351999999999998,-3.0889010378425517,,
2020-01-07,,,,0.0461308884588183,3.1378999999999997,-3.0917691115411814,,
2020-01-08,,,,0.04670833862151834,3.1336999999999997,-3.0869916613784816,,
2020-01-09,,,,0.04655278995948862,3.1184,-3.071847210040511,,
2020-01-10,,,,0.04662462481268133,3.0819,-3.035275375187319,,
2020-01-13,,,,0.04654578148856272,3.084,-3.0374542185114373,,
2020-01-14,,,,0.04659958307215224,3.0993,-3.0527004169278475,,
2020-01-15,,,,0.047023747800506575,3.0897,-3.0426762521994934,,
2020-01-16,,,,0.0474119687564659,3.0918,-3.044388031243534,,
2020-01-17,,,,0.047368458278198786,3.0831,-3.0357315417218014,,
2020-01-20,,,,0.047279482960986614,3.0776000000000003,-3.0303205170390135,,
2020-01-21,,,,0.047918677868491695,3.0337,-2.9857813221315084,,
2020-01-22,,,,0.04782305655727289,3.0282,-2.980376943442727,,
2020-01-23,,,,0.048722887412089966,2.9932,-2.9444771125879097,,
2020-02-03,,,,0.052022255399658004,2.8230999999999997,-2.771077744600342,,
2020-02-04,,,,0.05093730890822386,2.8551,-2.8041626910917765,,
2020-02-05,,,,0.05086943730594627,2.844,-2.7931305626940537,,
2020-02-06,,,,0.05062744651369038,2.8392,-2.7885725534863095,,
2020-02-07,,,,0.050929610826459804,2.8024,-2.7514703891735404,,
2020-02-10,,,,0.050825209731177455,2.7872,-2.7363747902688225,,
2020-02-11,,,,0.05037587353094027,2.834,-2.7836241264690598,,
2020-02-12,,,,0.05031403716171379,2.8333,-2.782985962838286,,
2020-02-13,,,,0.05055671834886431,2.8201,-2.769543281651136,,
2020-02-14,,,,0.05019411604660826,2.8631,-2.812905883953392,,
2020-02-17,,,,0.04956681012518072,2.8928,-2.843233189874819,,
2020-02-18,,,,0.04999400809958137,2.8664,-2.8164059919004187,,
2020-02-19,,,,0.049930167110063664,2.8775,-2.827569832889936,,
2020-02-20,,,,0.04947520238759225,2.8857,-2.8362247976124078,,
2020-02-21,,,,0.04963074459106856,2.847,-2.7973692554089316,,
2020-02-24,,,,0.050135133203868504,2.812,-2.7618648667961314,,
2020-02-25,,,,0.05055846031207807,2.822,-2.771441539687922,,
2020-02-26,,,,0.05027628724233756,2.7973000000000003,-2.7470237127576627,,
2020-02-27,,,,0.050114546146423404,2.7702,-2.7200854538535766,,
2020-02-28,,,,0.05113774903148072,2.7376,-2.6864622509685194,,
2020-03-02,,,,0.05005222108209465,2.7428,-2.692747778917905,,
2020-03-03,,,,0.04998977534521951,2.7478,-2.69781022465478,,
2020-03-04,,,,0.04973854694537687,2.673,-2.623261453054623,,
2020-03-05,,,,0.049014326477497025,2.6829,-2.633885673522503,,
2020-03-06,,,,0.04969084982510895,2.628,-2.578309150174891,,
2020-03-09,,,,0.05069594933821995,2.5205,-2.4698040506617804,,
2020-03-10,,,,0.050247786384440885,2.613,-2.562752213615559,,
2020-03-11,,,,0.050649528199269524,2.6079000000000003,-2.5572504718007307,,
2020-03-12,,,,0.05094552741711358,2.6379,-2.5869544725828866,,
2020-03-13,,,,0.05158656641324849,2.6759,-2.6243134335867513,,
2020-03-16,,,,0.05252133901547142,2.6758,-2.623278660984529,,
2020-03-17,,,,0.05252893318903008,2.7135,-2.6609710668109696,,
2020-03-18,,,,0.053379264154392154,2.7136,-2.660220735845608,,
2020-03-19,,,,0.054662240364682174,2.7299,-2.675237759635318,,
2020-03-20,,,,0.05357341739594921,2.6814999999999998,-2.6279265826040508,,
2020-03-23,,,,0.05558716626545399,2.6315,-2.575912833734546,,
2020-03-24,,,,0.05425848242659792,2.6289,-2.5746415175734017,,
2020-03-25,,,,0.05347092354022846,2.6289,-2.575429076459771,,
2020-03-26,,,,0.05348936331381868,2.5939,-2.5404106366861816,,
2020-03-27,,,,0.05308641451451305,2.609,-2.555913585485487,,
2020-03-30,,,,0.053648242150624255,2.6142,-2.5605517578493755,,
2020-03-31,,,,0.05436422989723914,2.5898999999999996,-2.5355357701027605,,
2020-04-01,,,,0.054302146374226444,2.555,-2.500697853625774,,
2020-04-02,,,,0.053867097647890085,2.5854,-2.53153290235211,,
2020-04-03,,,,0.054171112048400645,2.5965,-2.5423288879515993,,
2020-04-07,,,,0.0536533620844142,2.5112,-2.457546637915586,,
2020-04-08,,,,0.053916720556122386,2.4823999999999997,-2.4284832794438773,,
2020-04-09,,,,0.05389824973109408,2.5225999999999997,-2.4687017502689055,,
2020-04-10,,,,0.05401159919462962,2.5403,-2.4862884008053703,,
2020-04-13,,,,0.05395387356909382,2.5658,-2.511846126430906,,
2020-04-14,,,,0.053521163731633986,2.5591,-2.505578836268366,,
2020-04-15,,,,0.053732160951564564,2.5454999999999997,-2.491767839048435,,
2020-04-16,,,,0.053992720747545776,2.5276,-2.4736072792524544,,
2020-04-17,,,,0.053603062631030214,2.559,-2.5053969373689697,,
2020-04-20,,,,0.05376196238949251,2.5919999999999996,-2.538238037610507,,
2020-04-21,,,,0.05416947184740561,2.5791,-2.5249305281525944,,
2020-04-22,,,,0.054155478478557936,2.5566,-2.502444521521442,,
2020-04-23,,,,0.054409147445826624,2.5227,-2.468290852554173,,
2020-04-24,,,,0.05466883659947295,2.5099,-2.4552311634005273,,
2020-04-27,,,,0.05417496393399469,2.5345,-2.4803250360660054,,
2020-04-28,,,,0.05427789586014699,2.5254,-2.471122104139853,,
2020-04-29,,,,0.05309479247487405,2.5009,-2.447805207525126,,
2020-04-30,,,,0.052961694987823646,2.5379,-2.4849383050121765,,
2020-05-06,,,,0.05351417499870408,2.5808999999999997,-2.5273858250012955,,
2020-05-07,,,,0.053681367430175875,2.6298,-2.576118632569824,,
2020-05-08,,,,0.05337686612007375,2.6207000000000003,-2.5673231338799267,,
2020-05-11,,,,0.053223060261484385,2.6698,-2.6165769397385157,,
2020-05-12,,,,0.053525484260806104,2.6603000000000003,-2.606774515739194,,
2020-05-13,,,,0.053465930225087374,2.7076,-2.6541340697749125,,
2020-05-14,,,,0.05398842697663445,2.6989,-2.6449115730233657,,
2020-05-15,,,,0.054078939863733036,2.682,-2.627921060136267,,
2020-05-18,,,,0.053964409468598214,2.7253,-2.6713355905314016,,
2020-05-19,,,,0.05368565483150025,2.7272000000000003,-2.6735143451685,,
2020-05-20,,,,0.05366138762283737,2.69,-2.6363386123771626,,
2020-05-21,,,,0.053806747699332705,2.685,-2.631193252300667,,
2020-05-22,,,,0.05466833972411463,2.6176,-2.5629316602758854,,
2020-05-25,,,,0.05450350637894151,2.6852,-2.6306964936210586,,
2020-05-26,,,,0.05444582789561139,2.7401999999999997,-2.6857541721043883,,
2020-05-27,,,,0.05420264802975888,2.7527,-2.698497351970241,,
2020-05-28,,,,0.053729520050428144,2.7201,-2.6663704799495718,,
2020-05-29,,,,0.05426661137102109,2.7053000000000003,-2.651033388628979,,
2020-06-01,,,,0.053631722487425613,2.7253,-2.671668277512574,,
2020-06-02,,,,0.05336667647514767,2.7851999999999997,-2.731833323524852,,
2020-06-03,,,,0.053347250716206364,2.79,-2.7366527492837935,,
2020-06-04,,,,0.053531153193634634,2.8301,-2.776568846806365,,
2020-06-05,,,,0.05344569816049236,2.8475,-2.7940543018395076,,
2020-06-08,,,,0.05328923101934801,2.8101000000000003,-2.7568107689806522,,
2020-06-09,,,,0.05312617069734575,2.8031,-2.7499738293026543,,
2020-06-10,,,,0.053442193536351615,2.8201,-2.7666578064636482,,
2020-06-11,,,,0.053856085093256706,2.7701,-2.716243914906743,,
2020-06-12,,,,0.05391778813653977,2.7451,-2.69118221186346,,
2020-06-15,,,,0.05451306332994013,2.7878,-2.73328693667006,,
2020-06-16,,,,0.05400311973760702,2.8402,-2.7861968802623926,,
2020-06-17,,,,0.05407777661857709,2.8802000000000003,-2.8261222233814234,,
2020-06-18,,,,0.05423530117126986,2.8527,-2.79846469882873,,
2020-06-19,,,,0.05417828131590753,2.8752,-2.8210217186840922,,
2020-06-22,,,,0.05441412129823848,2.9153,-2.8608858787017613,,
2020-06-23,,,,0.054681596620889936,2.9127,-2.85801840337911,,
2020-06-24,,,,0.0542132012270536,2.8614,-2.8071867987729466,,
2020-06-29,,,,0.05438546501303822,2.8504,-2.796014534986962,,
2020-06-30,,,,0.054713764727279506,2.823,-2.7682862352727207,,
2020-07-01,,,,0.05378868748764315,2.8455999999999997,-2.7918113125123565,,
2020-07-02,,,,0.052734697672707276,2.8583999999999996,-2.8056653023272924,,
2020-07-03,,,,0.05165789069470306,2.8974,-2.8457421093052973,,
2020-07-06,,,,0.04792747186971342,2.9959,-2.947972528130286,,
2020-07-07,,,,0.048212182172559306,3.0158,-2.967587817827441,,
2020-07-08,,,,0.048352844113884144,3.0632,-3.014847155886116,,
2020-07-09,,,,0.04867556929132647,3.0808,-3.0321244307086737,,
2020-07-10,,,,0.05108793139745846,3.0305,-2.9794120686025414,,
2020-07-13,,,,0.05106094194812643,3.0557,-3.0046390580518736,,
2020-07-14,,,,0.0518018557857592,3.0057,-2.9538981442142407,,
2020-07-15,,,,0.05309161234094109,2.9558999999999997,-2.9028083876590585,,
2020-07-16,,,,0.053631178950918595,2.9459,-2.8922688210490812,,
2020-07-17,,,,0.05364537615713569,2.9507,-2.8970546238428643,,
2020-07-20,,,,0.05234918200208388,2.9311,-2.8787508179979158,,
2020-07-21,,,,0.052730998503642004,2.9011,-2.848369001496358,,
2020-07-22,,,,0.052872102100306316,2.8861000000000003,-2.833227897899694,,
2020-07-23,,,,0.05352262657490732,2.9064,-2.852877373425093,,
2020-07-24,,,,0.05458408560374375,2.8611999999999997,-2.806615914396256,,
2020-07-27,,,,0.05484236009970186,2.8791,-2.8242576399002983,,
2020-07-28,,,,0.054643611664012395,2.9214,-2.866756388335988,,
2020-07-29,,,,0.05409300424107635,2.9415,-2.8874069957589237,,
2020-07-30,,,,0.05444301348738173,2.9364,-2.881956986512618,,
2020-07-31,,,,0.05444684008051544,2.9664,-2.911953159919485,,
2020-08-03,,,,0.05404668739310055,2.9465000000000003,-2.8924533126068996,,
2020-08-04,,,,0.05323987972471376,2.9364999999999997,-2.883260120275286,,
2020-08-05,,,,0.05379899366858323,2.9592,-2.9054010063314166,,
2020-08-06,,,,0.05362852600164381,2.9816,-2.927971473998356,,
2020-08-07,,,,0.053996926988853805,2.9918,-2.937803073011146,,
2020-08-10,,,,0.05364893099173439,2.9543,-2.9006510690082656,,
2020-08-11,,,,0.05372925896507334,2.9544,-2.9006707410349266,,
2020-08-12,,,,0.0535682577531483,2.962,-2.9084317422468517,,
2020-08-13,,,,0.05365220549318285,2.9555000000000002,-2.9018477945068173,,
2020-08-14,,,,0.05324518577443618,2.9369,-2.883654814225564,,
2020-08-17,,,,0.0522128847314886,2.9421,-2.8898871152685115,,
2020-08-18,,,,0.05264561721660267,2.9771,-2.9244543827833973,,
2020-08-19,,,,0.053044013023778674,2.9920999999999998,-2.939055986976221,,
2020-08-20,,,,0.053525527846283054,2.9973,-2.943774472153717,,
2020-08-21,,,,0.053442404958644316,2.9823,-2.9288575950413556,,
2020-08-24,,,,0.0535222082677579,2.9998,-2.9462777917322422,,
2020-08-25,,,,0.05356987346716723,3.0423999999999998,-2.9888301265328328,,
2020-08-26,,,,0.05390857186115527,3.0511,-2.9971914281388448,,
2020-08-27,,,,0.054033556074018635,3.0599000000000003,-3.0058664439259815,,
2020-08-28,,,,0.0534216101977935,3.0672,-3.013778389802207,,
2020-08-31,,,,0.05279583654560109,3.0177,-2.964904163454399,,
2020-09-01,,,,0.052876123919391026,3.0478,-2.994923876080609,,
2020-09-02,,,,0.05315238684068917,3.1027,-3.049547613159311,,
2020-09-03,,,,0.05331104585861796,3.1050999999999997,-3.0517889541413816,,
2020-09-04,,,,0.0534775222956885,3.1228,-3.0693224777043113,,
2020-09-07,,,,0.05362916340629959,3.1454000000000004,-3.091770836593701,,
2020-09-08,,,,0.05300764090625034,3.123,-3.06999235909375,,
2020-09-09,,,,0.053347436713601246,3.0805,-3.0271525632863985,,
2020-09-10,,,,0.053467274478656526,3.0833,-3.0298327255213433,,
2020-09-11,,,,0.05356208548975716,3.1344999999999996,-3.0809379145102422,,
2020-09-14,,,,0.0535497996207408,3.1531999999999996,-3.0996502003792585,,
2020-09-15,,,,0.05347841934263604,3.1083,-3.054821580657364,,
2020-09-16,,,,0.0532711822257889,3.1260000000000003,-3.0727288177742116,,
2020-09-17,,,,0.05332848166242179,3.1334,-3.080071518337578,,
2020-09-18,,,,0.05243398572596412,3.1162,-3.063766014274036,,
2020-09-21,,,,0.05273843432203614,3.0999,-3.0471615656779636,,
2020-09-22,,,,0.053250722097006174,3.0863,-3.033049277902994,,
2020-09-23,,,,0.053441371456861,3.089,-3.035558628543139,,
2020-09-24,,,,0.053928169120712445,3.084,-3.0300718308792876,,
2020-09-25,,,,0.05408109172533467,3.1295,-3.0754189082746657,,
2020-09-28,,,,0.05365934285424158,3.1092,-3.0555406571457584,,
2020-09-29,,,,0.05407814180105256,3.1292,-3.0751218581989472,,
2020-09-30,,,,0.05414346853980039,3.1482,-3.0940565314601995,,
2020-10-09,,,,0.053944848163023695,3.1873,-3.133355151836976,,
2020-10-12,,,,0.05307422412795659,3.1861,-3.1330257758720435,,
2020-10-13,,,,0.053300900944642,3.195,-3.1416990990553577,,
2020-10-14,,,,0.05339121044878476,3.215,-3.1616087895512153,,
2020-10-15,,,,0.05309454763800759,3.2300000000000004,-3.176905452361993,,
2020-10-16,,,,0.0524539448806189,3.2202,-3.1677460551193812,,
2020-10-19,,,,0.05226672794376317,3.2005,-3.148233272056237,,
2020-10-20,,,,0.052709370421149995,3.1954999999999996,-3.1427906295788497,,
2020-10-21,,,,0.05215073828343682,3.1855,-3.1333492617165635,,
2020-10-22,,,,0.052097906645757495,3.1707,-3.1186020933542427,,
2020-10-23,,,,0.052016104035375314,3.1957,-3.1436838959646245,,
2020-10-26,,,,0.05239845372154609,3.1933999999999996,-3.1410015462784533,,
2020-10-27,,,,0.052613096987808264,3.1609,-3.1082869030121913,,
2020-10-28,,,,0.05307066857513683,3.1809999999999996,-3.1279293314248626,,
2020-10-29,,,,0.05313754223866371,3.186,-3.132862457761336,,
2020-10-30,,,,0.05344335104813925,3.1809999999999996,-3.1275566489518605,,
2020-11-02,,,,0.05326816718224008,3.1785,-3.12523183281776,,
2020-11-03,,,,0.05286117860025551,3.1761999999999997,-3.123338821399744,,
2020-11-04,,,,0.052397872660740766,3.1687,-3.1163021273392593,,
2020-11-05,,,,0.05211229951590982,3.1912000000000003,-3.1390877004840902,,
2020-11-06,,,,0.05198452521919027,3.2063,-3.1543154747808098,,
2020-11-09,,,,0.05164585697592784,3.2363000000000004,-3.1846541430240727,,
2020-11-10,,,,0.05148174372757484,3.2241,-3.172618256272425,,
2020-11-11,,,,0.05086619438529802,3.2391000000000005,-3.1882338056147024,,
2020-11-12,,,,0.05127232704199487,3.2613999999999996,-3.210127672958005,,
2020-11-13,,,,0.05202034274220404,3.2715,-3.219479657257796,,
2020-11-16,,,,0.05163643317536093,3.2741,-3.222463566824639,,
2020-11-17,,,,0.05121865764815103,3.2866,-3.235381342351849,,
2020-11-18,,,,0.05065802402458123,3.324,-3.2733419759754185,,
2020-11-19,,,,0.05048257180432491,3.3487000000000005,-3.2982174281956755,,
2020-11-20,,,,0.050704217187529016,3.3099999999999996,-3.2592957828124707,,
2020-11-23,,,,0.04999228097045675,3.2649999999999997,-3.215007719029543,,
2020-11-24,,,,0.050217280589181394,3.29,-3.239782719410819,,
2020-11-25,,,,0.05050481816466487,3.2675,-3.216995181835335,,
2020-11-26,,,,0.05006233762054943,3.2849999999999997,-3.2349376623794504,,
2020-11-27,,,,0.048690316524036666,3.3000000000000003,-3.2513096834759634,,
2020-11-30,,,,0.04912261520481609,3.25,-3.200877384795184,,
2020-12-01,,,,0.04810541606975851,3.2724999999999995,-3.224394583930241,,
2020-12-02,,,,0.048177911580445085,3.2925000000000004,-3.244322088419555,,
2020-12-03,,,,0.04852186828342065,3.2851,-3.236578131716579,,
2020-12-04,,,,0.04912714874107672,3.2651,-3.215972851258923,,
2020-12-07,,,,0.050117655080790226,3.2701000000000002,-3.21998234491921,,
2020-12-08,,,,0.050617525406042196,3.2550999999999997,-3.2044824745939575,,
2020-12-09,,,,0.05084055642121624,3.2725999999999997,-3.2217594435787835,,
2020-12-10,,,,0.05112083675912381,3.2601,-3.208979163240876,,
2020-12-11,,,,0.051499881017538766,3.2951,-3.2436001189824615,,
2020-12-14,,,,0.05580071421734705,3.2851,-3.229299285782653,,
2020-12-15,,,,0.05624891116696815,3.2776,-3.221351088833032,,
2020-12-16,,,,0.0562452055413751,3.2752000000000003,-3.218954794458625,,
2020-12-17,,,,0.055959487657042714,3.2802,-3.224240512342957,,
2020-12-18,,,,0.056085515988754026,3.2902,-3.234114484011246,,
2020-12-21,,,,0.056304748173806214,3.2652,-3.2088952518261937,,
2020-12-22,,,,0.05719371793125693,3.2278000000000002,-3.1706062820687433,,
2020-12-23,,,,0.05716603136361313,3.2153,-3.158133968636387,,
2020-12-24,,,,0.057128728985787094,3.2302999999999997,-3.173171271014213,,
2020-12-25,,,,0.05693026538757471,3.1877999999999997,-3.1308697346124252,,
2020-12-28,,,,0.05700285975287356,3.1628999999999996,-3.105897140247126,,
2020-12-29,,,,0.056950125555187414,3.1553999999999998,-3.098449874444812,,
2020-12-30,,,,0.0570492457204236,3.1204,-3.0633507542795764,,
2020-12-31,,,,0.05667274577346397,3.1429,-3.086227254226536,,
2021-01-04,,,,0.05709204554963566,3.1780000000000004,-3.120907954450365,,
2021-01-05,,,,0.05746350492045501,3.1305,-3.073036495079545,,
2021-01-06,,,,0.05691995254934733,3.1256,-3.068680047450653,,
2021-01-07,,,,0.05672226641713592,3.1256,-3.068877733582864,,
2021-01-08,,,,0.05647005332182506,3.1456,-3.0891299466781748,,
2021-01-11,,,,0.05647695970348188,3.1631,-3.106623040296518,,
2021-01-12,,,,0.056234113098069,3.1456999999999997,-3.0894658869019307,,
2021-01-13,,,,0.05577277685458304,3.1157,-3.059927223145417,,
2021-01-14,,,,0.05560032357018462,3.1059,-3.0502996764298156,,
2021-01-15,,,,0.0548930739234258,3.1508000000000003,-3.0959069260765744,,
2021-01-18,,,,0.054519154927480565,3.1658,-3.1112808450725193,,
2021-01-19,,,,0.053945690215316144,3.1609,-3.1069543097846837,,
2021-01-20,,,,0.054718781302625204,3.161,-3.106281218697375,,
2021-01-21,,,,0.05489731737327601,3.1335,-3.078602682626724,,
2021-01-22,,,,0.05582715775002252,3.1185,-3.0626728422499774,,
2021-01-25,,,,0.0559197609664589,3.1323,-3.076380239033541,,
2021-01-26,,,,0.05594764416395813,3.1585,-3.102552355836042,,
2021-01-27,,,,0.05566350707855396,3.1635999999999997,-3.107936492921446,,
2021-01-28,,,,0.0562002365423299,3.1961000000000004,-3.1398997634576706,,
2021-01-29,,,,0.05604504006639049,3.1786000000000003,-3.12255495993361,,
2021-02-01,,,,0.055682887157895954,3.1712,-3.1155171128421038,,
2021-02-02,,,,0.05602794456306027,3.1862000000000004,-3.13017205543694,,
2021-02-03,,,,0.05620154834996124,3.2112000000000003,-3.154998451650039,,
2021-02-04,,,,0.05624386548504244,3.2347,-3.1784561345149576,,
2021-02-05,,,,0.05489841167983493,3.2163999999999997,-3.161501588320165,,
2021-02-08,,,,0.054854132435046075,3.237,-3.182145867564954,,
2021-02-09,,,,0.05499762824478514,3.2302999999999997,-3.1753023717552145,,
2021-02-10,,,,0.054245527002263524,3.2449,-3.1906544729977364,,
2021-02-18,,,,0.05378879835414094,3.2831,-3.229311201645859,,
2021-02-19,,,,0.053536192682564945,3.2578000000000005,-3.2042638073174357,,
2021-02-22,,,,0.05292089397628706,3.2736,-3.220679106023713,,
2021-02-23,,,,0.0529288277011636,3.2634999999999996,-3.210571172298836,,
2021-02-24,,,,0.05363241446536923,3.2627,-3.209067585534631,,
2021-02-25,,,,0.05227329370883542,3.2723000000000004,-3.220026706291165,,
2021-02-26,,,,0.05313019700329761,3.2798000000000003,-3.2266698029967027,,
2021-03-01,,,,0.05308261772495651,3.2474999999999996,-3.1944173822750432,,
2021-03-02,,,,0.053612795472265426,3.2474000000000003,-3.1937872045277347,,
2021-03-03,,,,0.05205156449701625,3.2553,-3.2032484355029838,,
2021-03-04,,,,0.05224579722786011,3.2655000000000003,-3.21325420277214,,
2021-03-05,,,,0.052114194400236874,3.2457,-3.193585805599763,,
2021-03-08,,,,0.052517718544067025,3.2404,-3.1878822814559333,,
2021-03-09,,,,0.05306686232177442,3.2478,-3.1947331376782255,,
2021-03-10,,,,0.053243631961948194,3.2353,-3.182056368038052,,
2021-03-11,,,,0.052326467431909544,3.2506,-3.1982735325680904,,
2021-03-12,,,,0.05210592913773242,3.2612,-3.2090940708622675,,
2021-03-15,,,,0.051524765154787586,3.274,-3.2224752348452124,,
2021-03-16,,,,0.05106488341434098,3.2613999999999996,-3.2103351165856586,,
2021-03-17,,,,0.05163085788270518,3.2564,-3.204769142117295,,
2021-03-18,,,,0.0518277527862552,3.2591,-3.2072722472137447,,
2021-03-19,,,,0.05287466398247235,3.2363999999999997,-3.1835253360175275,,
2021-03-22,,,,0.05221532313436033,3.2308999999999997,-3.178684676865639,,
2021-03-23,,,,0.05237022155437671,3.2105,-3.1581297784456233,,
2021-03-24,,,,0.05281427284464689,3.193,-3.140185727155353,,
2021-03-25,,,,0.05316368102739071,3.1882,-3.1350363189726096,,
2021-03-26,,,,0.05310480977129696,3.1985,-3.145395190228703,,
2021-03-29,,,,0.051525309118933944,3.1961999999999997,-3.144674690881066,,
2021-03-30,,,,0.05142267327143201,3.206,-3.154577326728568,,
2021-03-31,,,,0.05108215131802029,3.1887,-3.1376178486819795,,
2021-04-01,,,,0.05134878620314727,3.196,-3.1446512137968528,,
2021-04-02,,,,0.051944267355833136,3.2012,-3.149255732644167,,
2021-04-06,,,,0.05194691973710409,3.2087,-3.1567530802628956,,
2021-04-07,,,,0.05176877783851592,3.2215000000000003,-3.1697312221614844,,
2021-04-08,,,,0.0519304514995635,3.2221,-3.1701695485004366,,
2021-04-09,,,,0.05198900260269874,3.2120999999999995,-3.1601109973973007,,
2021-04-12,,,,0.05154881645384979,3.1948,-3.14325118354615,,
2021-04-13,,,,0.051626890180388865,3.1626000000000003,-3.1109731098196116,,
2021-04-14,,,,0.0519851162000863,3.1651,-3.1131148837999136,,
2021-04-15,,,,0.052141678786512075,3.1728,-3.120658321213488,,
2021-04-16,,,,0.051976779272974026,3.1631,-3.111123220727026,,
2021-04-19,,,,0.051850823423224564,3.1558999999999995,-3.104049176576775,,
2021-04-20,,,,0.05208558975020907,3.1553999999999998,-3.1033144102497907,,
2021-04-21,,,,0.052095557088110006,3.1530000000000005,-3.1009044429118906,,
2021-04-22,,,,0.05236338796463298,3.1614000000000004,-3.1090366120353674,,
2021-04-23,,,,0.05276660298605639,3.1719,-3.1191333970139437,,
2021-04-26,,,,0.05316097606223046,3.2024,-3.1492390239377697,,
2021-04-27,,,,0.05311856356615772,3.2078,-3.1546814364338425,,
2021-04-28,,,,0.05319946614204437,3.1979,-3.144700533857956,,
2021-04-29,,,,0.05298312355336077,3.1872,-3.134216876446639,,
2021-04-30,,,,0.05338322191898827,3.164,-3.110616778081012,,
2021-05-06,,,,0.05317000231419086,3.1507,-3.0975299976858093,,
2021-05-07,,,,0.052470351580506655,3.1589,-3.1064296484194935,,
2021-05-10,,,,0.05235983725272665,3.1460000000000004,-3.0936401627472736,,
2021-05-11,,,,0.05237047919771793,3.138,-3.085629520802282,,
2021-05-12,,,,0.05212246049816408,3.131,-3.0788775395018355,,
2021-05-13,,,,0.052403124920892726,3.1365999999999996,-3.084196875079107,,
2021-05-14,,,,0.05211150368528838,3.1422,-3.0900884963147117,,
2021-05-17,,,,0.05213827383382174,3.1524000000000005,-3.100261726166179,,
2021-05-18,,,,0.05221636387367543,3.1456999999999997,-3.0934836361263245,,
2021-05-19,,,,0.052677503754761934,3.1298,-3.077122496245238,,
2021-05-20,,,,0.052674067713276304,3.1001000000000003,-3.047425932286724,,
2021-05-21,,,,0.05301740353049979,3.0876,-3.0345825964695003,,
2021-05-24,,,,0.053009909466163456,3.085,-3.0319900905338364,,
2021-05-25,,,,0.05213296113650904,3.085,-3.032867038863491,,
2021-05-26,,,,0.05194045489034204,3.06,-3.008059545109658,,
2021-05-27,,,,0.052066484450603995,3.0725,-3.0204335155493958,,
2021-05-28,,,,0.0519730307005694,3.0825,-3.0305269692994306,,
2021-05-31,,,,0.05226837035011871,3.045,-2.992731629649881,,
2021-06-01,,,,0.052507953784073746,3.04,-2.9874920462159262,,
2021-06-02,,,,0.052387673218257824,3.065,-3.012612326781742,,
2021-06-03,,,,0.052574484488712644,3.055,-3.0024255155112876,,
2021-06-04,,,,0.05274328246414916,3.0925000000000002,-3.0397567175358513,,
2021-06-07,,,,0.052929282041293275,3.11,-3.0570707179587067,,
2021-06-08,,,,0.05276373055968236,3.11,-3.0572362694403177,,
2021-06-09,,,,0.052824362295950805,3.105,-3.052175637704049,,
2021-06-10,,,,0.05297637054341055,3.1,-3.0470236294565893,,
2021-06-11,,,,0.053155987705084104,3.1274999999999995,-3.0743440122949153,,
2021-06-15,,,,0.05372993519821554,3.1176,-3.0638700648017845,,
2021-06-16,,,,0.05358628026832317,3.1301,-3.0765137197316768,,
2021-06-17,,,,0.05410122174320716,3.1401,-3.085998778256793,,
2021-06-18,,,,0.05457375607005197,3.1202,-3.065626243929948,,
2021-06-21,,,,0.054902846019783,3.0953,-3.040397153980217,,
2021-06-22,,,,0.05474535019777565,3.0877000000000003,-3.0329546498022246,,
2021-06-23,,,,0.054694528250221745,3.0852999999999997,-3.030605471749778,,
2021-06-24,,,,0.054440452051960596,3.0828,-3.0283595479480394,,
2021-06-25,,,,0.054050063775748856,3.0827,-3.028649936224251,,
2021-06-28,,,,0.05466367622615111,3.0903,-3.035636323773849,,
2021-06-29,,,,0.0550597134556713,3.0852999999999997,-3.0302402865443283,,
2021-06-30,,,,0.054827793506943986,3.0778,-3.0229722064930558,,
2021-07-01,,,,0.05417221093660787,3.0878,-3.033627789063392,,
2021-07-02,,,,0.05462590139876146,3.0803000000000003,-3.0256740986012387,,
2021-07-05,,,,0.05476368397633863,3.0754,-3.0206363160236616,,
2021-07-06,,,,0.054956280127548066,3.0854,-3.030443719872452,,
2021-07-07,,,,0.055208462622048336,3.0554,-3.000191537377952,,
2021-07-08,,,,0.05585744592339573,2.983,-2.9271425540766045,,
2021-07-09,,,,0.05612023026721016,3.0105,-2.95437976973279,,
2021-07-12,,,,0.056917367483771714,2.9431,-2.886182632516228,,
2021-07-13,,,,0.057001240245524595,2.9256,-2.8685987597544758,,
2021-07-14,,,,0.05763710736377221,2.9356,-2.8779628926362277,,
2021-07-15,,,,0.05759750428412693,2.9556,-2.898002495715873,,
2021-07-16,,,,0.0577006701935658,2.9432,-2.8854993298064344,,
2021-07-19,,,,0.057884216050964,2.9482999999999997,-2.890415783949036,,
2021-07-20,,,,0.058227874751356434,2.9257999999999997,-2.8675721252486435,,
2021-07-21,,,,0.058664888596702554,2.9184,-2.8597351114032974,,
2021-07-22,,,,0.058335817862618704,2.9284,-2.8700641821373813,,
2021-07-23,,,,0.05862549164082132,2.9134,-2.8547745083591787,,
2021-07-26,,,,0.05958056987223849,2.8711,-2.8115194301277615,,
2021-07-27,,,,0.06053118066189947,2.911,-2.8504688193381007,,
2021-07-28,,,,0.060182102529307335,2.9312,-2.8710178974706926,,
2021-07-29,,,,0.06064806239026199,2.884,-2.823351937609738,,
2021-07-30,,,,0.06101798001928972,2.8363,-2.7752820199807102,,
2021-08-02,,,,0.06059555773598094,2.8212,-2.760604442264019,,
2021-08-03,,,,0.060947864942634426,2.8337000000000003,-2.772752135057366,,
2021-08-04,,,,0.061123920369545164,2.8337999999999997,-2.7726760796304544,,
2021-08-05,,,,0.06107418534524934,2.7988,-2.7377258146547505,,
2021-08-06,,,,0.06106385973735129,2.8139000000000003,-2.752836140262649,,
2021-08-09,,,,0.06025778543532204,2.8615000000000004,-2.8012422145646783,,
2021-08-10,,,,0.05987324738985701,2.8766,-2.8167267526101427,,
2021-08-11,,,,0.05881754681909566,2.8840999999999997,-2.825282453180904,,
2021-08-12,,,,0.05911434521254111,2.8566000000000003,-2.797485654787459,,
2021-08-13,,,,0.0592509013690642,2.8792,-2.8199490986309357,,
2021-08-16,,,,0.059146985359387644,2.8943,-2.8351530146406123,,
2021-08-17,,,,0.059293334084207616,2.8819,-2.8226066659157922,,
2021-08-18,,,,0.058596691727283066,2.8493999999999997,-2.7908033082727166,,
2021-08-19,,,,0.059275685120253656,2.8395,-2.7802243148797463,,
2021-08-20,,,,0.059198949446961954,2.852,-2.792801050553038,,
2021-08-23,,,,0.05922301616707278,2.8672,-2.807976983832927,,
2021-08-24,,,,0.059121988044948365,2.8522,-2.7930780119550516,,
2021-08-25,,,,0.05939638632646642,2.8547,-2.7953036136735334,,
2021-08-26,,,,0.05957681782380772,2.8848,-2.825223182176192,,
2021-08-27,,,,0.05945067072085657,2.8698,-2.8103493292791435,,
2021-08-30,,,,0.05992077100302391,2.8505,-2.7905792289969757,,
2021-08-31,,,,0.05886628052401416,2.8449999999999998,-2.7861337194759854,,
2021-09-01,,,,0.05795232977340778,2.8226,-2.764647670226592,,
2021-09-02,,,,0.05760602275799785,2.8301,-2.772493977242002,,
2021-09-03,,,,0.057383741548636236,2.8327,-2.7753162584513635,,
2021-09-06,,,,0.05720127701460351,2.8354,-2.7781987229853966,,
2021-09-07,,,,0.05663924300240947,2.8604000000000003,-2.803760756997591,,
2021-09-08,,,,0.05611402582899664,2.8705000000000003,-2.8143859741710036,,
2021-09-09,,,,0.05571028267687799,2.8729999999999998,-2.817289717323122,,
2021-09-10,,,,0.05561706280879775,2.8656,-2.809982937191202,,
2021-09-13,,,,0.055030322089540784,2.8908,-2.8357696779104593,,
2021-09-14,,,,0.056142428076028976,2.8858,-2.8296575719239714,,
2021-09-15,,,,0.056588336859663906,2.9009,-2.8443116631403362,,
2021-09-16,,,,0.056886825777847726,2.8885,-2.831613174222152,,
2021-09-17,,,,0.05692670268783113,2.8785000000000003,-2.821573297312169,,
2021-09-22,,,,0.05675765401096453,2.8639,-2.8071423459890354,,
2021-09-23,,,,0.056498013625725416,2.8565,-2.8000019863742747,,
2021-09-24,,,,0.05742962653522783,2.8719,-2.8144703734647725,,
2021-09-27,,,,0.057881959339416464,2.8825,-2.8246180406605834,,
2021-09-28,,,,0.05684782493253778,2.8769,-2.8200521750674623,,
2021-09-29,,,,0.057031743219969684,2.8646000000000003,-2.8075682567800304,,
2021-09-30,,,,0.05698231583448917,2.8776,-2.820617684165511,,
2021-10-08,,,,0.056899720192135884,2.9131,-2.8562002798078643,,
2021-10-11,,,,0.056235286661888456,2.9579999999999997,-2.9017647133381113,,
2021-10-12,,,,0.056354304551197484,2.9657,-2.9093456954488026,,
2021-10-13,,,,0.056907086474884766,2.9578,-2.9008929135251154,,
2021-10-14,,,,0.05736013665058549,2.9581,-2.9007398633494144,,
2021-10-15,,,,0.05710094766911054,2.9683,-2.9111990523308897,,
2021-10-18,,,,0.056878450558058,3.0426,-2.985721549441942,,
2021-10-19,,,,0.05688821878286004,3.0102,-2.95331178121714,,
2021-10-20,,,,0.057357563939879244,2.9977,-2.9403424360601207,,
2021-10-21,,,,0.05659091589891336,2.9701999999999997,-2.913609084101086,,
2021-10-22,,,,0.05694792670192559,2.9953,-2.9383520732980744,,
2021-10-25,,,,0.05703308445221058,2.9879,-2.930866915547789,,
2021-10-26,,,,0.057438640420220136,2.978,-2.92056135957978,,
2021-10-27,,,,0.057788845392948755,2.9781,-2.920311154607051,,
2021-10-28,,,,0.05840667533182004,2.9682,-2.90979332466818,,
2021-10-29,,,,0.05870120736366726,2.9732000000000003,-2.914498792636333,,
2021-11-01,,,,0.058142990946154494,2.9435,-2.885357009053845,,
2021-11-02,,,,0.05927030850319464,2.9259,-2.8666296914968052,,
2021-11-03,,,,0.058960584610739226,2.9385000000000003,-2.879539415389261,,
2021-11-04,,,,0.05906860564405819,2.9261,-2.8670313943559416,,
2021-11-05,,,,0.05948088331445492,2.8911,-2.8316191166855447,,
2021-11-08,,,,0.05947767489349587,2.9013,-2.841822325106504,,
2021-11-09,,,,0.05943403506681968,2.8988,-2.8393659649331804,,
2021-11-10,,,,0.05955562239109327,2.9139000000000004,-2.854344377608907,,
2021-11-11,,,,0.05847027864385278,2.9364999999999997,-2.878029721356147,,
2021-11-12,,,,0.05877729053299913,2.9391,-2.8803227094670008,,
2021-11-15,,,,0.05879367180586338,2.9269,-2.8681063281941364,,
2021-11-16,,,,0.059017312343177204,2.9244,-2.8653826876568225,,
2021-11-17,,,,0.05908464829774003,2.9295,-2.87041535170226,,
2021-11-18,,,,0.05924476004169372,2.9145999999999996,-2.855355239958306,,
2021-11-19,,,,0.05870440854448803,2.9302,-2.871495591455512,,
2021-11-22,,,,0.059120998353831375,2.8876,-2.8284790016461687,,
2021-11-23,,,,0.058954516217855316,2.8875,-2.8285454837821447,,
2021-11-24,,,,0.05867812030986825,2.86,-2.8013218796901316,,
2021-11-25,,,,0.05882420545119472,2.855,-2.7961757945488053,,
2021-11-26,,,,0.05923789228722939,2.82,-2.7607621077127704,,
2021-11-29,,,,0.05958166673784335,2.825,-2.765418333262157,,
2021-11-30,,,,0.05970365299987034,2.825,-2.7652963470001297,,
2021-12-01,,,,0.05916157414410114,2.8401,-2.780938425855899,,
2021-12-02,,,,0.05885942376979093,2.8601,-2.8012405762302093,,
2021-12-03,,,,0.058356121485505716,2.8701,-2.8117438785144944,,
2021-12-06,,,,0.05824522519940366,2.8176,-2.7593547748005967,,
2021-12-07,,,,0.05773977721758665,2.8451,-2.7873602227824135,,
2021-12-08,,,,0.05794586602743112,2.8551,-2.797154133972569,,
2021-12-09,,,,0.05755985805540218,2.8526,-2.7950401419445976,,
2021-12-10,,,,0.05781669162342617,2.8426,-2.784783308376574,,
2021-12-13,,,,0.05750687772072635,2.8552,-2.7976931222792736,,
2021-12-14,,,,0.05787025448918273,2.8476999999999997,-2.7898297455108167,,
2021-12-15,,,,0.057724224835960854,2.8502,-2.792475775164039,,
2021-12-16,,,,0.0571755083235475,2.8577000000000004,-2.8005244916764527,,
2021-12-17,,,,0.05737286813282998,2.8512,-2.79382713186717,,
2021-12-20,,,,0.057458620699250396,2.8533,-2.7958413793007497,,
2021-12-21,,,,0.05690103590358679,2.8508,-2.7938989640964134,,
2021-12-22,,,,0.05702863460571837,2.8303,-2.7732713653942813,,
2021-12-23,,,,0.05680254956987187,2.8143000000000002,-2.757497450430128,,
2021-12-24,,,,0.05688007711318913,2.8203,-2.763419922886811,,
2021-12-27,,,,0.05688159134819315,2.8128,-2.755918408651807,,
2021-12-28,,,,0.05684950484153526,2.8004000000000002,-2.743550495158465,,
2021-12-29,,,,0.057158838530593926,2.7854,-2.728241161469406,,
2021-12-30,,,,0.057185303990805264,2.7654,-2.7082146960091946,,
2021-12-31,,,,0.05699593278765629,2.7754000000000003,-2.718404067212344,,
2022-01-04,,,,0.05652798547636022,2.7855000000000003,-2.7289720145236402,,
2022-01-05,,,,0.05593305945379807,2.8045,-2.748566940546202,,
2022-01-06,,,,0.05607947934053586,2.8205,-2.7644205206594643,,
2022-01-07,,,,0.05532587984610753,2.818,-2.7626741201538927,,
2022-01-10,,,,0.05513148375264167,2.8056,-2.7504685162473583,,
2022-01-11,,,,0.05493952509084517,2.7957,-2.740760474909155,,
2022-01-12,,,,0.05531739415968669,2.7957,-2.7403826058403133,,
2022-01-13,,,,0.055221362212812125,2.7858,-2.730578637787188,,
2022-01-14,,,,0.05617312936537543,2.7935000000000003,-2.7373268706346248,,
2022-01-17,,,,0.056312134832002536,2.786,-2.7296878651679974,,
2022-01-18,,,,0.055308512421128456,2.7415,-2.6861914875788715,,
2022-01-19,,,,0.05510571631694347,2.7314000000000003,-2.676294283683057,,
2022-01-20,,,,0.054652093614529385,2.7271,-2.6724479063854707,,
2022-01-21,,,,0.055046049605577366,2.71,-2.6549539503944226,,
2022-01-24,,,,0.054984648611723426,2.6751,-2.6201153513882764,,
2022-01-25,,,,0.055895489637214024,2.6978999999999997,-2.642004510362786,,
2022-01-26,,,,0.055709820519311,2.7146,-2.658890179480689,,
2022-01-27,,,,0.055852045563511754,2.7348,-2.678947954436488,,
2022-01-28,,,,0.05637428287562392,2.7021,-2.6457257171243764,,
2022-02-07,,,,0.05502600440382927,2.7256,-2.670573995596171,,
2022-02-08,,,,0.05382929660235804,2.7227,-2.668870703397642,,
2022-02-09,,,,0.05401894778941839,2.7328,-2.678781052210582,,
2022-02-10,,,,0.053347765217090615,2.7328,-2.6794522347829095,,
2022-02-11,,,,0.053062861002392867,2.7891,-2.7360371389976073,,
2022-02-14,,,,0.054025345166821614,2.8018,-2.7477746548331785,,
2022-02-15,,,,0.05455180533852941,2.7968,-2.742248194661471,,
2022-02-16,,,,0.054195381478309455,2.7892,-2.7350046185216907,,
2022-02-17,,,,0.05418094204762662,2.7799,-2.7257190579523733,,
2022-02-18,,,,0.05354802957007284,2.7975,-2.743951970429927,,
2022-02-21,,,,0.053619063543739645,2.83,-2.7763809364562606,,
2022-02-22,,,,0.05387496002482767,2.82,-2.7661250399751722,,
2022-02-23,,,,0.054403620982612866,2.79,-2.7355963790173874,,
2022-02-24,,,,0.05515790717153431,2.7875,-2.732342092828466,,
2022-02-25,,,,0.05548474098870771,2.775,-2.7195152590112923,,
2022-02-28,,,,0.05537068452741621,2.775,-2.719629315472584,,
2022-03-01,,,,0.05482644033624775,2.8025,-2.7476735596637525,,
2022-03-02,,,,0.05462983722592385,2.8175,-2.762870162774076,,
2022-03-03,,,,0.05401734600775447,2.83,-2.7759826539922456,,
2022-03-04,,,,0.05426099975934855,2.8125,-2.7582390002406516,,
2022-03-07,,,,0.05480680697316856,2.8125,-2.7576931930268316,,
2022-03-08,,,,0.055806539387988366,2.8276,-2.7717934606120114,,
2022-03-09,,,,0.05628405012330195,2.8426,-2.7863159498766983,,
2022-03-10,,,,0.056244400957487097,2.8502,-2.793955599042513,,
2022-03-11,,,,0.0558220691270187,2.7902,-2.734377930872981,,
2022-03-14,,,,0.05643500328179998,2.7677,-2.7112649967182,,
2022-03-15,,,,0.05858062212194485,2.8177,-2.759119377878055,,
2022-03-16,,,,0.057514071240624666,2.7952,-2.737685928759375,,
2022-03-17,,,,0.05753311677870453,2.7875,-2.7299668832212958,,
2022-03-18,,,,0.05644160535820474,2.7927,-2.736258394641795,,
2022-03-21,,,,0.05670486686399893,2.8127,-2.755995133136001,,
2022-03-22,,,,0.055710590499670254,2.8302,-2.7744894095003296,,
2022-03-23,,,,0.05591533129398302,2.8302,-2.774284668706017,,
2022-03-24,,,,0.05583719288609382,2.8052,-2.7493628071139065,,
2022-03-25,,,,0.05646307661676426,2.7972,-2.7407369233832357,,
2022-03-28,,,,0.05735723633060199,2.7903000000000002,-2.7329427636693984,,
2022-03-29,,,,0.05710939502152866,2.7853,-2.7281906049784714,,
2022-03-30,,,,0.05846820760631138,2.7702999999999998,-2.7118317923936885,,
2022-03-31,,,,0.059449873658005324,2.7878,-2.7283501263419945,,
2022-04-01,,,,0.058905666445172374,2.7743,-2.7153943335548276,,
2022-04-05,,,,,,,,
2022-04-06,,,,0.05830888033089379,2.7604,-2.7020911196691064,,
2022-04-07,,,,0.058760907116665415,2.7394000000000003,-2.680639092883335,,
2022-04-08,,,,0.058207111175649855,2.7529000000000003,-2.6946928888243504,,
2022-04-11,,,,0.05863214447328977,2.768,-2.7093678555267102,,
2022-04-12,,,,0.05869289776363019,2.7705,-2.71180710223637,,
2022-04-13,,,,0.05857604663583458,2.763,-2.704423953364165,,
2022-04-14,,,,0.05827587887913357,2.7656,-2.7073241211208665,,
2022-04-15,,,,0.058374213699188646,2.7578,-2.6994257863008113,,
2022-04-18,,,,0.05968165592306081,2.8107,-2.7510183440769396,,
2022-04-19,,,,0.05908528019523075,2.8208,-2.7617147198047696,,
2022-04-20,,,,0.059767177033128706,2.833,-2.7732328229668717,,
2022-04-21,,,,0.059822627243441145,2.8259,-2.7660773727565586,,
2022-04-22,,,,0.05899963504088283,2.8409,-2.781900364959117,,
2022-04-25,,,,0.060586147157224074,2.8160000000000003,-2.7554138528427763,,
2022-04-26,,,,0.06022548318382211,2.826,-2.765774516816178,,
2022-04-27,,,,0.060677846478324436,2.8411,-2.7804221535216755,,
2022-04-28,,,,0.05942389360691026,2.8486000000000002,-2.7891761063930898,,
2022-04-29,,,,0.05907786198920574,2.8386,-2.7795221380107944,,
2022-05-05,,,,0.05937496770095267,2.8282000000000003,-2.7688250322990475,,
2022-05-06,,,,0.06033307182880529,2.8273,-2.766966928171195,,
2022-05-09,,,,0.06053162410600305,2.8154,-2.754868375893997,,
2022-05-10,,,,0.0603595869102208,2.8089,-2.748540413089779,,
2022-05-11,,,,0.060771063826880495,2.8239,-2.7631289361731195,,
2022-05-12,,,,0.0610883676967883,2.8055,-2.7444116323032115,,
2022-05-13,,,,0.06001844788597112,2.814,-2.7539815521140287,,
2022-05-16,,,,0.06012418555429306,2.8216,-2.761475814445707,,
2022-05-17,,,,0.060176959328014736,2.8178,-2.7576230406719855,,
2022-05-18,,,,0.06054571383600252,2.7801,-2.7195542861639974,,
2022-05-19,,,,0.06047639770954012,2.7774,-2.71692360229046,,
2022-05-20,,,,0.06007801328011807,2.79,-2.729921986719882,,
2022-05-23,,,,0.06039500620862497,2.7675,-2.707104993791375,,
2022-05-24,,,,0.06049441588520827,2.765,-2.704505584114792,,
2022-05-25,,,,0.06017010645719513,2.7575,-2.6973298935428045,,
2022-05-26,,,,0.059809955350939366,2.71,-2.6501900446490607,,
2022-05-27,,,,0.05962169056509561,2.6974,-2.6377783094349043,,
2022-05-30,,,,0.06000507378310824,2.7225,-2.6624949262168918,,
2022-05-31,,,,0.06002431907134273,2.7426,-2.6825756809286574,,
2022-06-01,,,,0.06002330090084824,2.7551,-2.6950766990991517,,
2022-06-02,,,,0.060384134810616205,2.7601,-2.699715865189384,,
2022-06-06,,,,0.06061935242526833,2.7776,-2.7169806475747316,,
2022-06-07,,,,0.060518305469737854,2.7576,-2.697081694530262,,
2022-06-08,,,,0.06010014998098933,2.7661000000000002,-2.705999850019011,,
2022-06-09,,,,0.05978721030081255,2.7576,-2.6978127896991877,,
2022-06-10,,,,0.059489806464139386,2.7525999999999997,-2.69311019353586,,
2022-06-13,,,,0.06030779359666608,2.7652,-2.704892206403334,,
2022-06-14,,,,0.059528903965927624,2.7702,-2.7106710960340723,,
2022-06-15,,,,0.059301946542423885,2.7827,-2.723398053457576,,
2022-06-16,,,,0.06017786263048369,2.7727999999999997,-2.712622137369516,,
2022-06-17,,,,0.05998195140064105,2.7752,-2.715218048599359,,
2022-06-20,,,,0.060506940725476105,2.7853,-2.724793059274524,,
2022-06-21,,,,0.06013631335867168,2.7853,-2.725163686641328,,
2022-06-22,,,,0.060558913686257786,2.7773,-2.7167410863137422,,
2022-06-23,,,,0.060132540058784975,2.7803,-2.720167459941215,,
2022-06-24,,,,0.06037827377256796,2.7978,-2.7374217262274323,,
2022-06-27,,,,0.06012838587275587,2.8329,-2.7727716141272443,,
2022-06-28,,,,0.05997719682156508,2.8413999999999997,-2.7814228031784345,,
2022-06-29,,,,0.05957659805317699,2.8294,-2.769823401946823,,
2022-06-30,,,,0.05949043543441102,2.8205,-2.761009564565589,,
2022-07-01,,,,0.059319732602496754,2.8255,-2.766180267397503,,
2022-07-04,,,,0.05929674549502725,2.8445,-2.7852032545049727,,
2022-07-05,,,,0.05902822473656791,2.8333,-2.774271775263432,,
2022-07-06,,,,0.0598172912307199,2.8356,-2.77578270876928,,
2022-07-07,,,,0.05981009172066928,2.8356,-2.7757899082793305,,
2022-07-08,,,,0.06022921732367859,2.8384,-2.7781707826763213,,
2022-07-11,,,,0.060571915833508884,2.8266,-2.766028084166491,,
2022-07-12,,,,0.06108612666813392,2.8117,-2.7506138733318664,,
2022-07-13,,,,0.061831468167026275,2.8067,-2.744868531832974,,
2022-07-14,,,,0.06275973313425369,2.7907,-2.7279402668657466,,
2022-07-15,,,,0.06443511252635216,2.7857,-2.7212648874736476,,
2022-07-18,,,,0.063445450605722,2.7837,-2.7202545493942782,,
2022-07-19,,,,0.06321528559576577,2.7859,-2.722684714404234,,
2022-07-20,,,,0.06293237879764213,2.771,-2.7080676212023578,,
2022-07-21,,,,0.06414617225230031,2.7635,-2.6993538277476996,,
2022-07-22,,,,0.06388108031117248,2.787,-2.7231189196888272,,
2022-07-25,,,,0.06360291261139453,2.779,-2.7153970873886055,,
2022-07-26,,,,0.06322698184206454,2.77,-2.7067730181579357,,
2022-07-27,,,,0.06357701672348731,2.7701,-2.7065229832765123,,
2022-07-28,,,,0.0637258132470553,2.785,-2.721274186752945,,
2022-07-29,,,,0.06417962247027184,2.7560000000000002,-2.6918203775297282,,
2022-08-01,,,,0.06440497424246358,2.7292,-2.6647950257575364,,
2022-08-02,,,,0.06510566148912515,2.7314000000000003,-2.666294338510875,,
2022-08-03,,,,0.06571817077050934,2.7218,-2.6560818292294908,,
2022-08-04,,,,0.06513493415739686,2.7192000000000003,-2.6540650658426035,,
2022-08-05,,,,0.06485835090919312,2.7338999999999998,-2.669041649090807,,
2022-08-08,,,,0.0648905660021208,2.7409,-2.676009433997879,,
2022-08-09,,,,0.06483189708663348,2.74,-2.675168102913367,,
2022-08-10,,,,0.06505332320163015,2.7366,-2.67154667679837,,
2022-08-11,,,,0.06449235459143757,2.7317,-2.6672076454085625,,
2022-08-12,,,,0.06427603845228942,2.7347,-2.670423961547711,,
2022-08-15,,,,0.06449280834112707,2.6582000000000003,-2.5937071916588734,,
2022-08-16,,,,0.06456670384099795,2.6346000000000003,-2.5700332961590022,,
2022-08-17,,,,0.0642764232649439,2.6124,-2.548123576735056,,
2022-08-18,,,,0.06472220182356417,2.58,-2.515277798176436,,
2022-08-19,,,,0.06429536860334871,2.5875,-2.523204631396651,,
2022-08-22,,,,0.06420836423261037,2.5925,-2.5282916357673892,,
2022-08-23,,,,0.06437257088449456,2.6075,-2.5431274291155055,,
2022-08-24,,,,0.06450396674146376,2.6100000000000003,-2.5454960332585364,,
2022-08-25,,,,0.06370380222283495,2.6390000000000002,-2.575296197777165,,
2022-08-26,,,,0.06391896367969124,2.643,-2.5790810363203085,,
2022-08-29,,,,0.06405060067896196,2.6224999999999996,-2.5584493993210375,,
2022-08-30,,,,0.06409400999088953,2.613,-2.5489059900091107,,
2022-08-31,,,,0.063596892564467,2.6224999999999996,-2.5589031074355324,,
2022-09-01,,,,0.0635362775906584,2.6125,-2.5489637224093413,,
2022-09-02,,,,0.06375540684797147,2.6226,-2.5588445931520285,,
2022-09-05,,,,0.06307018225399283,2.618,-2.554929817746007,,
2022-09-06,,,,0.06280475887864781,2.614,-2.551195241121352,,
2022-09-07,,,,0.06300970899333008,2.6214999999999997,-2.55849029100667,,
2022-09-08,,,,0.0630137864223456,2.6256000000000004,-2.5625862135776547,,
2022-09-09,,,,0.06240372877616259,2.635,-2.572596271223837,,
2022-09-13,,,,0.06239972034990304,2.6427,-2.580300279650097,,
2022-09-14,,,,0.06271962295286294,2.6625,-2.599780377047137,,
2022-09-15,,,,0.062256649887186655,2.6625,-2.6002433501128133,,
2022-09-16,,,,0.06339027452752022,2.673,-2.6096097254724797,,
2022-09-19,,,,0.06295355374620246,2.675,-2.6120464462537973,,
2022-09-20,,,,0.0633967269075456,2.664,-2.6006032730924544,,
2022-09-21,,,,0.06321381142798611,2.645,-2.5817861885720137,,
2022-09-22,,,,0.06313071660307959,2.6501,-2.5869692833969204,,
2022-09-23,,,,0.06305088380649485,2.6802,-2.6171491161935054,,
2022-09-26,,,,0.06393403211334403,2.7154000000000003,-2.651465967886656,,
2022-09-27,,,,0.06399824120056594,2.7051,-2.641101758799434,,
2022-09-28,,,,0.06388971085841273,2.7401,-2.6762102891415873,,
2022-09-29,,,,0.06429695338261214,2.7501,-2.685803046617388,,
2022-09-30,,,,0.06370372382272049,2.7601,-2.6963962761772793,,
2022-10-10,,,,0.06351908698362844,2.7401999999999997,-2.676680913016371,,
2022-10-11,,,,0.06375463508286076,2.7426,-2.678845364917139,,
2022-10-12,,,,0.06342142879701669,2.7352000000000003,-2.671778571202984,,
2022-10-13,,,,0.0640512111742989,2.7252,-2.661148788825701,,
2022-10-14,,,,0.06392034226555046,2.6977,-2.6337796577344497,,
2022-10-17,,,,0.06409592486413213,2.7002,-2.636104075135868,,
2022-10-18,,,,0.06422275495450079,2.7002,-2.6359772450454995,,
2022-10-19,,,,0.06448831059358812,2.7052,-2.640711689406412,,
2022-10-20,,,,0.06458104225452038,2.7175000000000002,-2.65291895774548,,
2022-10-21,,,,0.06435586527138253,2.7277,-2.6633441347286175,,
2022-10-24,,,,0.06520233115553264,2.7153,-2.6500976688444675,,
2022-10-25,,,,0.0653147098377866,2.7278000000000002,-2.6624852901622136,,
2022-10-26,,,,0.06605020504177525,2.7025,-2.636449794958225,,
2022-10-27,,,,0.06638486142812745,2.6953,-2.6289151385718728,,
2022-10-28,,,,0.06665554249088311,2.6653,-2.5986444575091165,,
2022-10-31,,,,0.06818293846349376,2.6433,-2.575117061536506,,
2022-11-01,,,,0.06817522024676241,2.6629,-2.594724779753238,,
2022-11-02,,,,0.06810603855368655,2.6854,-2.6172939614463133,,
2022-11-03,,,,0.06853068780210228,2.6776,-2.6090693121978976,,
2022-11-04,,,,0.06758605401991348,2.7022999999999997,-2.6347139459800863,,
2022-11-07,,,,0.06747210944597486,2.7003,-2.632827890554025,,
2022-11-08,,,,0.06763910307125451,2.6853,-2.6176608969287454,,
2022-11-09,,,,0.06754874131027189,2.6953,-2.6277512586897283,,
2022-11-10,,,,0.06735629962890084,2.7028,-2.635443700371099,,
2022-11-11,,,,0.06611167213825633,2.7354,-2.6692883278617434,,
2022-11-14,,,,0.06602989402157826,2.8354,-2.7693701059784215,,
2022-11-15,,,,0.0657492170887492,2.8155,-2.749750782911251,,
2022-11-16,,,,0.06603213223850103,2.8329,-2.766867867761499,,
2022-11-17,,,,0.06622897277600802,2.8026,-2.736371027223992,,
2022-11-18,,,,0.06640780512549288,2.825,-2.7585921948745074,,
2022-11-21,,,,0.06651162647990798,2.818,-2.751488373520092,,
2022-11-22,,,,0.0655754795908579,2.8276,-2.762024520409142,,
2022-11-23,,,,0.06502274529664541,2.7975,-2.7324772547033547,,
2022-11-24,,,,0.0650787055885904,2.795,-2.7299212944114095,,
2022-11-25,,,,0.06371528840266648,2.83,-2.7662847115973337,,
2022-11-28,,,,0.06445791714091323,2.86,-2.7955420828590865,,
2022-11-29,,,,0.06303605277670316,2.88,-2.8169639472232966,,
2022-11-30,,,,0.06325856282471297,2.8850000000000002,-2.8217414371752874,,
2022-12-01,,,,0.06392900606514285,2.86,-2.796070993934857,,
2022-12-02,,,,0.06429176450984615,2.8676,-2.803308235490154,,
2022-12-05,,,,0.06303719307953795,2.8902,-2.827162806920462,,
2022-12-06,,,,0.06305181867765368,2.9152,-2.852148181322346,,
2022-12-07,,,,0.06363060863503545,2.8701999999999996,-2.806569391364964,,
2022-12-08,,,,0.06329593972493004,2.8853,-2.82200406027507,,
2022-12-09,,,,0.06317139315373352,2.8903000000000003,-2.8271286068462667,,
2022-12-12,,,,0.06911188135005557,2.8902,-2.8210881186499446,,
2022-12-13,,,,0.06857310921931435,2.8952,-2.8266268907806857,,
2022-12-14,,,,0.06853883058943577,2.8655,-2.7969611694105643,,
2022-12-15,,,,0.06923065512154503,2.8829000000000002,-2.813669344878455,,
2022-12-16,,,,0.06852994679864371,2.8856,-2.8170700532013564,,
2022-12-19,,,,0.0694451673493793,2.8632,-2.7937548326506207,,
2022-12-20,,,,0.07019834737654994,2.8732,-2.8030016526234505,,
2022-12-21,,,,0.07004609122338569,2.8606,-2.790553908776614,,
2022-12-22,,,,0.0700032283243636,2.8503,-2.780296771675636,,
2022-12-23,,,,0.07017576020789158,2.8251,-2.7549242397921083,,
2022-12-26,,,,0.07042543052879327,2.8378,-2.767374569471207,,
2022-12-27,,,,0.06955580370169914,2.8657,-2.7961441962983007,,
2022-12-28,,,,0.06919819674463258,2.8503,-2.781101803255367,,
2022-12-29,,,,0.0698238553511216,2.8375999999999997,-2.7677761446488782,,
2022-12-30,,,,0.0694025183785137,2.8353,-2.7658974816214865,,
2023-01-03,,,,0.06923375100539499,2.8228,-2.753566248994605,,
2023-01-04,,,,0.06863217321071068,2.8103,-2.741667826789289,,
2023-01-05,,,,0.06872402551999307,2.8304,-2.761675974480007,,
2023-01-06,,,,0.06873416806188065,2.8327999999999998,-2.7640658319381193,,
2023-01-09,,,,0.06881836498308129,2.8428,-2.7739816350169186,,
2023-01-10,,,,0.0692385894960999,2.8602,-2.7909614105039,,
2023-01-11,,,,0.06866134712941172,2.8603,-2.7916386528705885,,
2023-01-12,,,,0.06862013801977158,2.8778,-2.8091798619802284,,
2023-01-13,,,,0.0680667900369296,2.9010000000000002,-2.8329332099630706,,
2023-01-16,,,,0.06821386188677946,2.9166999999999996,-2.8484861381132203,,
2023-01-17,,,,0.06835605852300833,2.9017,-2.8333439414769916,,
2023-01-18,,,,0.06825173346855541,2.9222,-2.853948266531445,,
2023-01-19,,,,0.06821818308990672,2.9145,-2.846281816910093,,
2023-01-20,,,,0.06785712542607904,2.9331,-2.865242874573921,,
2023-01-30,,,,0.068077137417905,2.9133,-2.8452228625820952,,
2023-01-31,,,,0.06822647055728683,2.8977,-2.829473529442713,,
2023-02-01,,,,0.06816878193188862,2.9101,-2.8419312180681113,,
2023-02-02,,,,0.0682415819512399,2.897,-2.8287584180487597,,
2023-02-03,,,,0.0686055483842102,2.8943,-2.8256944516157896,,
2023-02-06,,,,0.06880430186641871,2.9017,-2.8328956981335813,,
2023-02-07,,,,0.06865697868249207,2.8964,-2.8277430213175077,,
2023-02-08,,,,0.06879119129095838,2.8973,-2.8285088087090418,,
2023-02-09,,,,0.06862208091863449,2.8912,-2.8225779190813656,,
2023-02-10,,,,0.0686237010752739,2.9003,-2.831676298924726,,
2023-02-13,,,,0.06882301810853389,2.8943,-2.825476981891466,,
2023-02-14,,,,0.06867282174195354,2.8914,-2.8227271782580465,,
2023-02-15,,,,0.06897436804967018,2.8918,-2.8228256319503298,,
2023-02-16,,,,0.06905692782963967,2.8907,-2.8216430721703603,,
2023-02-17,,,,0.0691175754924124,2.8920000000000003,-2.822882424507588,,
2023-02-20,,,,0.0679651768698214,2.9170000000000003,-2.8490348231301788,,
2023-02-21,,,,0.06763104217794479,2.919,-2.8513689578220553,,
2023-02-22,,,,0.06791493756249645,2.9175,-2.8495850624375034,,
2023-02-23,,,,0.06782306109137833,2.922,-2.854176938908622,,
2023-02-24,,,,0.06809425039456755,2.9126,-2.8445057496054322,,
2023-02-27,,,,0.06827626434408843,2.9117,-2.8434237356559118,,
2023-02-28,,,,0.06797521500364612,2.9017,-2.833724784996354,,
2023-03-01,,,,0.06758134584185797,2.8977,-2.830118654158142,,
2023-03-02,,,,0.06709062851025588,2.9111000000000002,-2.8440093714897445,,
2023-03-03,,,,0.06591221720988781,2.9026,-2.8366877827901122,,
2023-03-06,,,,0.06621488700275455,2.8826,-2.8163851129972457,,
2023-03-07,,,,0.0654411934046047,2.8726000000000003,-2.8071588065953956,,
2023-03-08,,,,0.06558393604536594,2.8828,-2.817216063954634,,
2023-03-09,,,,0.06574942636088364,2.8752,-2.809450573639116,,
2023-03-10,,,,0.06675933635434486,2.8627,-2.7959406636456547,,
2023-03-13,,,,0.06548835673492949,2.8703,-2.8048116432650705,,
2023-03-14,,,,0.06580040321146675,2.8652,-2.7993995967885335,,
2023-03-15,,,,0.06492455948724102,2.8652,-2.8002754405127592,,
2023-03-16,,,,0.0649019000186637,2.8552,-2.790298099981336,,
2023-03-17,,,,0.06408212208008689,2.8602,-2.796117877919913,,
2023-03-20,,,,0.06414504334586267,2.8504,-2.7862549566541372,,
2023-03-21,,,,0.06492955967316415,2.8604000000000003,-2.7954704403268362,,
2023-03-22,,,,0.0643093208580046,2.8577000000000004,-2.7933906791419956,,
2023-03-23,,,,0.06394078887666901,2.8652,-2.801259211123331,,
2023-03-24,,,,0.06500201089246156,2.8676,-2.8025979891075385,,
2023-03-27,,,,0.06543512983746956,2.8551,-2.7896648701625306,,
2023-03-28,,,,0.06430806175761473,2.8556000000000004,-2.7912919382423858,,
2023-03-29,,,,0.06435480676016735,2.8531999999999997,-2.7888451932398324,,
2023-03-30,,,,0.06606055672742817,2.8603,-2.7942394432725717,,
2023-03-31,,,,0.06822809395833228,2.8528000000000002,-2.784571906041668,,
2023-04-03,,,,0.06821114981898627,2.8604000000000003,-2.792188850181014,,
2023-04-04,,,,0.06699947101564849,2.8583999999999996,-2.7914005289843513,,
2023-04-06,,,,0.06705020478154584,2.8605,-2.793449795218454,,
2023-04-07,,,,0.06718304888745946,2.8464,-2.7792169511125406,,
2023-04-10,,,,0.06667952361473649,2.8455,-2.7788204763852633,,
2023-04-11,,,,0.06617957816257691,2.8203,-2.754120421837423,,
2023-04-12,,,,0.06511680185907921,2.8158,-2.7506831981409205,,
2023-04-13,,,,0.06492312738552908,2.8277,-2.762776872614471,,
2023-04-14,,,,0.06477017537092937,2.8281,-2.7633298246290705,,
2023-04-17,,,,0.06300448047194497,2.8432,-2.7801955195280548,,
2023-04-18,,,,0.06246256680471739,2.8319,-2.7694374331952827,,
2023-04-19,,,,0.06256219040514012,2.8333,-2.7707378095948596,,
2023-04-20,,,,0.06241501311047021,2.8332,-2.77078498688953,,
2023-04-21,,,,0.0628198842832219,2.8257999999999996,-2.7629801157167777,,
2023-04-24,,,,0.06260160658479566,2.8176,-2.7549983934152045,,
2023-04-25,,,,0.061470775247407974,2.8157,-2.754229224752592,,
2023-04-26,,,,0.062078709065869826,2.8058,-2.7437212909341304,,
2023-04-27,,,,0.061957498686538034,2.7851999999999997,-2.723242501313462,,
2023-04-28,,,,0.060996075382904934,2.7788,-2.717803924617095,,
2023-05-04,,,,0.05872133092315606,2.7613,-2.7025786690768436,,
2023-05-05,,,,0.05828798965027884,2.7338,-2.675512010349721,,
2023-05-08,,,,0.055075279634578346,2.7484,-2.693324720365422,,
2023-05-09,,,,0.05574049581753045,2.7383,-2.68255950418247,,
2023-05-10,,,,0.058178293252330225,2.721,-2.66282170674767,,
2023-05-11,,,,0.05887864916725619,2.701,-2.6421213508327437,,
2023-05-12,,,,0.059403300642908545,2.7058,-2.6463966993570915,,
2023-05-15,,,,0.05898214718223235,2.719,-2.6600178528177674,,
2023-05-16,,,,0.05903301532812422,2.7129,-2.6538669846718754,,
2023-05-17,,,,0.059398652644808696,2.721,-2.6616013473551914,,
2023-05-18,,,,0.058256863167598504,2.7184,-2.6601431368324016,,
2023-05-19,,,,0.05910225238833268,2.7151,-2.6559977476116674,,
2023-05-22,,,,0.0590458104488634,2.7132,-2.6541541895511367,,
2023-05-23,,,,0.06038870955439003,2.6962,-2.63581129044561,,
2023-05-24,,,,0.06201269399597093,2.7037,-2.641687306004029,,
2023-05-25,,,,0.0622599644847716,2.7064999999999997,-2.644240035515228,,
2023-05-26,,,,0.06179145866923489,2.7205,-2.658708541330765,,
2023-05-29,,,,0.060508672527410545,2.6950000000000003,-2.6344913274725896,,
2023-05-30,,,,0.060852918043016756,2.7,-2.6391470819569833,,
2023-05-31,,,,0.06145817734552753,2.685,-2.6235418226544724,,
2023-06-01,,,,0.06130378787222868,2.6825,-2.6211962121277717,,
2023-06-02,,,,0.061146237513383064,2.6951,-2.633953762486617,,
2023-06-05,,,,0.06023258155062466,2.6925999999999997,-2.632367418449375,,
2023-06-06,,,,0.060294262302782675,2.6826,-2.622305737697217,,
2023-06-07,,,,0.05980557401135197,2.6827,-2.622894425988648,,
2023-06-08,,,,0.05869216931729464,2.6822,-2.6235078306827053,,
2023-06-09,,,,0.058845425970501984,2.6703,-2.6114545740294983,,
2023-06-12,,,,0.05964797386733637,2.6704,-2.6107520261326633,,
2023-06-13,,,,0.059718234805297914,2.6227,-2.562981765194702,,
2023-06-14,,,,0.060653953692310414,2.6178,-2.5571460463076896,,
2023-06-15,,,,0.06049082470457382,2.6481999999999997,-2.587709175295426,,
2023-06-16,,,,0.06076567067078153,2.6626,-2.6018343293292183,,
2023-06-19,,,,0.06160105330836886,2.6876,-2.6259989466916314,,
2023-06-20,,,,0.0622153945460661,2.6751,-2.612884605453934,,
2023-06-21,,,,0.06207055628540069,2.6700999999999997,-2.608029443714599,,
2023-06-26,,,,0.06301367115292175,2.6677,-2.604686328847078,,
2023-06-27,,,,0.06186820866544603,2.6675999999999997,-2.605731791334554,,
2023-06-28,,,,0.06194147316771996,2.6651000000000002,-2.60315852683228,,
2023-06-29,,,,0.06232488775048804,2.6526,-2.590275112249512,,
2023-06-30,,,,0.06186139991337889,2.6351,-2.573238600086621,,
2023-07-03,,,,0.060669438202552835,2.6401999999999997,-2.579530561797447,,
2023-07-04,,,,0.061189477996122704,2.6477,-2.586510522003877,,
2023-07-05,,,,0.06157039353289334,2.6401999999999997,-2.578629606467106,,
2023-07-06,,,,0.06203064150013218,2.6391999999999998,-2.5771693584998676,,
2023-07-07,,,,0.06200857789195309,2.6403,-2.578291422108047,,
2023-07-10,,,,0.062072885255658614,2.6403,-2.578227114744341,,
2023-07-11,,,,0.06170977311505129,2.6353,-2.573590226884949,,
2023-07-12,,,,0.061790428827409954,2.6378,-2.57600957117259,,
2023-07-13,,,,0.06059496325926668,2.6412999999999998,-2.580705036740733,,
2023-07-14,,,,0.06103752775918485,2.6444,-2.583362472240815,,
2023-07-17,,,,0.06259246561856922,2.6364,-2.573807534381431,,
2023-07-18,,,,0.06337386882091826,2.6234,-2.560026131179082,,
2023-07-19,,,,0.0630742517412045,2.6233,-2.5602257482587953,,
2023-07-20,,,,0.06334932599993148,2.6214,-2.5580506740000684,,
2023-07-21,,,,0.06344607894421012,2.6079000000000003,-2.54445392105579,,
2023-07-24,,,,0.06358165315916542,2.5934,-2.5298183468408344,,
2023-07-25,,,,0.0623415189870745,2.6630000000000003,-2.6006584810129256,,
2023-07-26,,,,0.06273241368586076,2.643,-2.580267586314139,,
2023-07-27,,,,0.062217767823700774,2.6395,-2.5772822321762994,,
2023-07-28,,,,0.06104901434239392,2.6533,-2.592250985657606,,
2023-07-31,,,,0.06105685839063621,2.6597,-2.598643141609364,,
2023-08-01,,,,0.06082218960077459,2.6607,-2.5998778103992253,,
2023-08-02,,,,0.06261568529080626,2.6525,-2.5898843147091934,,
2023-08-03,,,,0.062255633011528665,2.6435,-2.5812443669884715,,
2023-08-04,,,,0.062042356029711455,2.6469,-2.5848576439702886,,
2023-08-07,,,,0.0623112616131836,2.6462,-2.583888738386816,,
2023-08-08,,,,0.062371752172791776,2.6454,-2.583028247827208,,
2023-08-09,,,,0.062322158129462055,2.6460999999999997,-2.5837778418705377,,
2023-08-10,,,,0.062178367341065306,2.6475,-2.5853216326589346,,
2023-08-11,,,,0.06318784577649121,2.6381,-2.574912154223509,,
2023-08-14,,,,0.06360789140090523,2.6212,-2.5575921085990947,,
2023-08-15,,,,0.06282220298693227,2.5759,-2.5130777970130675,,
2023-08-16,,,,0.06316060407438788,2.5649,-2.5017393959256125,,
2023-08-17,,,,0.06338182019429564,2.5678,-2.5044181798057044,,
2023-08-18,,,,0.06329666728872994,2.5639,-2.50060333271127,,
2023-08-21,,,,0.0640717820007903,2.5403,-2.4762282179992097,,
2023-08-22,,,,0.06307383181877395,2.5564,-2.493326168181226,,
2023-08-23,,,,0.06288681582461562,2.5534999999999997,-2.490613184175384,,
2023-08-24,,,,0.06350238205447026,2.5543,-2.4907976179455296,,
2023-08-25,,,,0.06305639657894108,2.5702,-2.5071436034210586,,
2023-08-28,,,,0.061906347496991684,2.5837,-2.5217936525030082,,
2023-08-29,,,,0.06273429907758582,2.5700000000000003,-2.5072657009224146,,
2023-08-30,,,,0.0631165105106842,2.56,-2.4968834894893157,,
2023-08-31,,,,0.06265410275306803,2.5575,-2.494845897246932,,
2023-09-01,,,,0.06253671169354062,2.585,-2.5224632883064593,,
2023-09-04,,,,0.0615304925147268,2.6124,-2.5508695074852734,,
2023-09-05,,,,0.06187246355685758,2.6149999999999998,-2.5531275364431423,,
2023-09-06,,,,0.06167318663868643,2.6374999999999997,-2.575826813361313,,
2023-09-07,,,,0.061553718172351404,2.635,-2.5734462818276485,,
2023-09-08,,,,0.062022488729173125,2.6374999999999997,-2.575477511270827,,
2023-09-11,,,,0.06187383875577272,2.63,-2.568126161244227,,
2023-09-12,,,,0.061938017526922406,2.6229999999999998,-2.5610619824730776,,
2023-09-13,,,,0.06153468322023835,2.6149999999999998,-2.5534653167797616,,
2023-09-14,,,,0.06077328410558749,2.6075,-2.5467267158944122,,
2023-09-15,,,,0.06123937655565588,2.64,-2.578760623444344,,
2023-09-18,,,,0.06126523943231878,2.65,-2.588734760567681,,
2023-09-19,,,,0.06063480563285362,2.6625,-2.6018651943671465,,
2023-09-20,,,,0.060472646516681605,2.665,-2.604527353483318,,
2023-09-21,,,,0.0608498238238842,2.6576,-2.5967501761761156,,
2023-09-22,,,,0.06030647757882955,2.6776,-2.6172935224211704,,
2023-09-25,,,,0.06039785195919907,2.6976,-2.6372021480408008,,
2023-09-26,,,,0.06061239124250237,2.6951,-2.6344876087574978,,
2023-09-27,,,,0.06110674792772555,2.6877,-2.6265932520722743,,
2023-09-28,,,,0.060849654800838655,2.6751,-2.6142503451991614,,
2023-10-09,,,,0.060891481215951566,2.6702,-2.609308518784048,,
2023-10-10,,,,0.06137151816697097,2.6811000000000003,-2.6197284818330293,,
2023-10-11,,,,0.0613655425064447,2.6976,-2.6362344574935554,,
2023-10-12,,,,0.06039817779283183,2.6911,-2.6307018222071683,,
2023-10-13,,,,0.059832974810088466,2.6702,-2.6103670251899116,,
2023-10-16,,,,0.059575124660016694,2.6776999999999997,-2.618124875339983,,
2023-10-17,,,,0.059293870899026734,2.6882,-2.628906129100973,,
2023-10-18,,,,0.0591851996336247,2.7052,-2.6460148003663755,,
2023-10-19,,,,0.060448161725373206,2.7177,-2.6572518382746266,,
2023-10-20,,,,0.06089330490324695,2.7052,-2.6443066950967533,,
2023-10-23,,,,0.061284140650302237,2.7047000000000003,-2.643415859349698,,
2023-10-24,,,,0.06163109592470423,2.7177,-2.6560689040752954,,
2023-10-25,,,,0.062199209894686,2.7052,-2.643000790105314,,
2023-10-26,,,,0.06141975060264376,2.7152,-2.653780249397356,,
2023-10-27,,,,0.06152393702077642,2.7133000000000003,-2.651776062979224,,
2023-10-30,,,,0.06308239501468271,2.7140999999999997,-2.651017604985317,,
2023-10-31,,,,0.06270173397364431,2.6938,-2.6310982660263558,,
2023-11-01,,,,0.0624564982563144,2.6853,-2.6228435017436853,,
2023-11-02,,,,0.061977157023399995,2.6553,-2.5933228429766,,
2023-11-03,,,,0.06231763758974312,2.6613,-2.5989823624102573,,
2023-11-06,,,,0.06312711348214649,2.6554,-2.5922728865178537,,
2023-11-07,,,,0.06289108923408952,2.6632,-2.6003089107659103,,
2023-11-08,,,,0.06309586803443634,2.6464000000000003,-2.583304131965564,,
2023-11-09,,,,0.06229594131021456,2.6494,-2.5871040586897855,,
2023-11-10,,,,0.06235594788924726,2.6444,-2.582044052110753,,
2023-11-13,,,,0.06241669678093499,2.6454,-2.582983303219065,,
2023-11-14,,,,0.062440781499766326,2.6572999999999998,-2.5948592185002335,,
2023-11-15,,,,0.062215280546640175,2.6633,-2.6010847194533597,,
2023-11-16,,,,0.06215408326549277,2.6557999999999997,-2.593645916734507,,
2023-11-17,,,,0.06250825719250712,2.6524,-2.589891742807493,,
2023-11-20,,,,0.06220611394498533,2.6584,-2.5961938860550147,,
2023-11-21,,,,0.06204274098484977,2.6684,-2.6063572590151503,,
2023-11-22,,,,0.06219777659752716,2.6823,-2.620102223402473,,
2023-11-23,,,,0.06216972276063146,2.7022999999999997,-2.6401302772393684,,
2023-11-24,,,,0.06204169123678823,2.7053000000000003,-2.643258308763212,,
2023-11-27,,,,0.06230653257823285,2.7108,-2.648493467421767,,
2023-11-28,,,,0.06236771448923481,2.6898,-2.627432285510765,,
2023-11-29,,,,0.06268460989414552,2.6826,-2.6199153901058545,,
2023-11-30,,,,0.062145452526002704,2.6679999999999997,-2.605854547473997,,
2023-12-01,,,,0.062104548904937065,2.6625,-2.600395451095063,,
2023-12-04,,,,0.062067748300803804,2.6725,-2.610432251699196,,
2023-12-05,,,,0.06282305175554401,2.665,-2.602176948244456,,
2023-12-06,,,,0.06361376508687853,2.6725,-2.6088862349131214,,
2023-12-07,,,,0.06351295848293761,2.664,-2.6004870415170624,,
2023-12-08,,,,0.06336046641625745,2.6636,-2.6002395335837427,,
2023-12-11,,,,0.06458305432019372,2.644,-2.5794169456798066,,
2023-12-12,,,,0.06381374563215368,2.6374999999999997,-2.5736862543678463,,
2023-12-13,,,,0.06427188876573363,2.6226,-2.558328111234266,,
2023-12-14,,,,0.06442359562338847,2.6376,-2.5731764043766114,,
2023-12-15,,,,0.06496750559344479,2.6227,-2.5577324944065554,,
2023-12-18,,,,0.0644787610281127,2.6126,-2.5481212389718872,,
2023-12-19,,,,0.06441572111350335,2.6191,-2.5546842788864965,,
2023-12-20,,,,0.06446708102689229,2.6222,-2.5577329189731075,,
2023-12-21,,,,0.06457883415170922,2.5901,-2.525521165848291,,
2023-12-22,,,,0.06428137283377854,2.5877,-2.5234186271662216,,
2023-12-25,,,,0.06393087986753092,2.5678,-2.503869120132469,,
2023-12-26,,,,0.06393777165159135,2.5804,-2.516462228348409,,
2023-12-27,,,,0.06340200253654593,2.5577,-2.494297997463454,,
2023-12-28,,,,0.06393371645089449,2.5694000000000004,-2.5054662835491057,,
2023-12-29,,,,0.06360234026191337,2.5553,-2.4916976597380867,,
2024-01-02,,,,0.06329967333130915,2.5601,-2.4968003266686907,,
2024-01-03,,,,0.06251343811711366,2.5531,-2.4905865618828864,,
2024-01-04,,,,0.061846191335057796,2.5368000000000004,-2.4749538086649427,,
2024-01-05,,,,0.06180985091950556,2.5175,-2.4556901490804943,,
2024-01-08,,,,0.06200678510196196,2.5136,-2.451593214898038,,
2024-01-09,,,,0.061899520476823025,2.4861999999999997,-2.424300479523177,,
2024-01-10,,,,0.062379905360552435,2.4982,-2.435820094639448,,
2024-01-11,,,,0.0632814529383173,2.4992,-2.4359185470616826,,
2024-01-12,,,,0.0628422912598572,2.5172,-2.4543577087401425,,
2024-01-15,,,,0.06236463619727944,2.5212,-2.4588353638027205,,
2024-01-16,,,,0.06196434444329118,2.5252,-2.4632356555567085,,
2024-01-17,,,,0.0626494149169534,2.5077,-2.4450505850830466,,
2024-01-18,,,,0.06281132977780432,2.5092,-2.4463886702221957,,
2024-01-19,,,,0.06304414577277889,2.5027,-2.439655854227221,,
2024-01-22,,,,0.06335114339358972,2.4922,-2.42884885660641,,
2024-01-23,,,,0.0632636729357984,2.5042,-2.4409363270642017,,
2024-01-24,,,,0.061780603833890974,2.5042,-2.442419396166109,,
2024-01-25,,,,0.060084282174107696,2.4983999999999997,-2.438315717825892,,
2024-01-26,,,,0.058801633653032315,2.4994,-2.440598366346968,,
2024-01-29,,,,0.05835709320614571,2.494,-2.4356429067938543,,
2024-01-30,,,,0.05874140049614248,2.4556999999999998,-2.3969585995038574,,
2024-01-31,,,,0.05839320906221799,2.4330000000000003,-2.3746067909377824,,
2024-02-01,,,,0.058997080908502496,2.4354,-2.3764029190914977,,
2024-02-02,,,,0.058625198277182176,2.4244000000000003,-2.365774801722818,,
2024-02-05,,,,0.057496746784103485,2.4002,-2.3427032532158965,,
2024-02-06,,,,0.057354439271489935,2.4525,-2.39514556072851,,
2024-02-07,,,,0.057722403594568074,2.4153000000000002,-2.357577596405432,,
2024-02-08,,,,0.05829962120794675,2.4379,-2.379600378792053,,
2024-02-19,,,,0.05637802628720973,2.4344,-2.3780219737127903,,
2024-02-20,,,,0.055900789146429056,2.4133999999999998,-2.357499210853571,,
2024-02-21,,,,0.05543393094493655,2.4119,-2.3564660690550636,,
2024-02-22,,,,0.05470732639759196,2.4032999999999998,-2.3485926736024076,,
2024-02-23,,,,0.05457772093391969,2.4009,-2.3463222790660803,,
2024-02-26,,,,0.056154683735320246,2.3789000000000002,-2.32274531626468,,
2024-02-27,,,,0.05604733195024846,2.3809,-2.3248526680497514,,
2024-02-28,,,,0.05614116541958478,2.3376,-2.281458834580415,,
2024-02-29,,,,0.05595491172935487,2.3375,-2.281545088270645,,
2024-03-01,,,,0.05592017640287355,2.3675,-2.3115798235971265,,
2024-03-04,,,,0.055626983096689765,2.3475,-2.2918730169033106,,
2024-03-05,,,,0.054785901187194806,2.3169,-2.262114098812805,,
2024-03-06,,,,0.055347732004590686,2.265,-2.2096522679954096,,
2024-03-07,,,,0.055095433195839906,2.2776,-2.2225045668041603,,
2024-03-08,,,,0.05501498697535799,2.2825,-2.2274850130246424,,
2024-03-11,,,,0.05552211201951959,2.305,-2.2494778879804804,,
2024-03-12,,,,0.057099522807606724,2.3476,-2.2905004771923934,,
2024-03-13,,,,0.0573223952494644,2.3326,-2.2752776047505354,,
2024-03-14,,,,0.05705927258937643,2.3425000000000002,-2.2854407274106237,,
2024-03-15,,,,0.057008658566112286,2.32,-2.2629913414338874,,
2024-03-18,,,,0.05713757729446854,2.2925999999999997,-2.235462422705531,,
2024-03-19,,,,0.05744876645427112,2.2801,-2.222651233545729,,
2024-03-20,,,,0.05684552372642022,2.2950999999999997,-2.2382544762735797,,
2024-03-21,,,,0.05663976481755048,2.2851,-2.2284602351824496,,
2024-03-22,,,,0.056661064356974745,2.3051,-2.248438935643025,,
2024-03-25,,,,0.055890008308849715,2.3151,-2.2592099916911503,,
2024-03-26,,,,0.05581724250968187,2.3175,-2.261682757490318,,
2024-03-27,,,,0.055420605494796125,2.2876,-2.2321793945052035,,
2024-03-28,,,,0.05622418688709837,2.3026,-2.2463758131129015,,
2024-03-29,,,,0.05485717755169884,2.2901000000000002,-2.2352428224483014,,
2024-04-01,,,,0.05464456935279517,2.3082,-2.2535554306472045,,
2024-04-02,,,,0.05412948443067816,2.2927,-2.2385705155693216,,
2024-04-03,,,,0.05391656003232082,2.2837,-2.229783439967679,,
2024-04-08,,,,0.05343078344283671,2.2822,-2.228769216557163,,
2024-04-09,,,,0.053982301174493076,2.2802,-2.226217698825507,,
2024-04-10,,,,0.053705385567704725,2.2972,-2.2434946144322954,,
2024-04-11,,,,0.053842071510369814,2.2928,-2.23895792848963,,
2024-04-12,,,,0.0538484834380949,2.2837,-2.2298515165619053,,
2024-04-15,,,,0.05252148394114337,2.2798,-2.2272785160588566,,
2024-04-16,,,,0.052083354399935014,2.2723,-2.220216645600065,,
2024-04-17,,,,0.05155176977272206,2.2608,-2.2092482302272782,,
2024-04-18,,,,0.051526117401655164,2.2537000000000003,-2.2021738825983452,,
2024-04-19,,,,0.05124169032348558,2.254,-2.2027583096765144,,
2024-04-22,,,,0.05206390718992784,2.2435,-2.191436092810072,,
2024-04-23,,,,0.05220529357068348,2.226,-2.1737947064293164,,
2024-04-24,,,,0.05225080193715465,2.2727,-2.220449198062845,,
2024-04-25,,,,0.05192821578634895,2.2612,-2.209271784213651,,
2024-04-26,,,,0.05262048143379747,2.3084000000000002,-2.255779518566203,,
2024-04-29,,,,0.05320866833241775,2.3529999999999998,-2.299791331667582,,
2024-04-30,,,,0.05287080586833958,2.3028,-2.2499291941316604,,
2024-05-06,,,,0.0533867633226374,2.3081,-2.254713236677363,,
2024-05-07,,,,0.05311159897695601,2.2896,-2.236488401023044,,
2024-05-08,,,,0.052789161453086764,2.2955,-2.2427108385469134,,
2024-05-09,,,,0.05301743349366953,2.3186,-2.2655825665063305,,
2024-05-10,,,,0.05285375646252456,2.3122,-2.2593462435374754,,
2024-05-13,,,,0.052807429865835996,2.29,-2.237192570134164,,
2024-05-14,,,,0.05322592819960484,2.2938,-2.240574071800395,,
2024-05-15,,,,0.053283294231263316,2.302,-2.2487167057687367,,
2024-05-16,,,,0.05300352288150089,2.3147,-2.2616964771184995,,
2024-05-17,,,,0.05263130210632861,2.3077,-2.2550686978936714,,
2024-05-20,,,,0.052360889882188816,2.3105,-2.258139110117811,,
2024-05-21,,,,0.052116201684025906,2.3141,-2.261983798315974,,
2024-05-22,,,,0.05202857030560419,2.3123,-2.260271429694396,,
2024-05-23,,,,0.052327457056498626,2.3063000000000002,-2.253972542943502,,
2024-05-24,,,,0.052534298888581146,2.3133999999999997,-2.2608657011114186,,
2024-05-27,,,,0.0518129250935713,2.3084000000000002,-2.2565870749064287,,
2024-05-28,,,,0.05165369917675306,2.2994,-2.247746300823247,,
2024-05-29,,,,0.05174282418545616,2.2776,-2.225857175814544,,
2024-05-30,,,,0.052297390758065616,2.2826,-2.2303026092419342,,
2024-05-31,,,,0.052366017771596454,2.2925999999999997,-2.2402339822284034,,
2024-06-03,,,,0.052369756969084295,2.2853,-2.2329302430309155,,
2024-06-04,,,,0.05251908210277785,2.2854,-2.2328809178972224,,
2024-06-05,,,,0.052766308351598325,2.2807999999999997,-2.2280336916484016,,
2024-06-06,,,,0.05247841441359751,2.2828,-2.2303215855864025,,
2024-06-07,,,,0.05231968563877945,2.2833,-2.230980314361221,,
2024-06-11,,,,0.05323872376231687,2.2790999999999997,-2.2258612762376826,,
2024-06-12,,,,0.05308370890686186,2.276,-2.222916291093138,,
2024-06-13,,,,0.053182271792912114,2.2678,-2.2146177282070876,,
2024-06-14,,,,0.05319287634182263,2.2558000000000002,-2.2026071236581775,,
2024-06-17,,,,0.053888806658674265,2.2609,-2.2070111933413257,,
2024-06-18,,,,0.05361005254045845,2.2537000000000003,-2.2000899474595417,,
2024-06-19,,,,0.053087508574222966,2.2429,-2.1898124914257773,,
2024-06-20,,,,0.05276659404266173,2.2445,-2.191733405957338,,
2024-06-21,,,,0.052980753944643334,2.2571,-2.2041192460553565,,
2024-06-24,,,,0.05279569956568256,2.2451,-2.1923043004343175,,
2024-06-25,,,,0.05267158812519653,2.235,-2.182328411874803,,
2024-06-26,,,,0.052734096537679104,2.2225,-2.169765903462321,,
2024-06-27,,,,0.05236372120019495,2.2081,-2.155736278799805,,
2024-06-28,,,,0.0516270697581568,2.2058,-2.154172930241843,,
2024-07-01,,,,0.05082659934988093,2.2485999999999997,-2.1977734006501186,,
2024-07-02,,,,0.049892892603756345,2.2369,-2.1870071073962434,,
2024-07-03,,,,0.050359783323627436,2.2426000000000004,-2.192240216676373,,
2024-07-04,,,,0.05001448291695638,2.2502,-2.2001855170830438,,
2024-07-05,,,,0.05085205519316376,2.2754,-2.224547944806836,,
2024-07-08,,,,0.05058652236539003,2.2904,-2.23981347763461,,
2024-07-09,,,,0.050432460505977605,2.2698,-2.2193675394940224,,
2024-07-10,,,,0.05086888193880735,2.2707,-2.219831118061193,,
2024-07-11,,,,0.05115249013658804,2.2648,-2.2136475098634123,,
2024-07-12,,,,0.05109410391491751,2.2603999999999997,-2.209305896085082,,
2024-07-15,,,,0.05013926311350325,2.2540999999999998,-2.2039607368864966,,
2024-07-16,,,,0.05060394548840078,2.2613000000000003,-2.2106960545115997,,
2024-07-17,,,,0.05112531251029279,2.2598,-2.208674687489707,,
2024-07-18,,,,0.05095663312019556,2.2672999999999996,-2.216343366879804,,
2024-07-19,,,,0.0512402730635161,2.2614,-2.210159726936484,,
2024-07-22,,,,0.05198324600082165,2.2460999999999998,-2.194116753999178,,
2024-07-23,,,,0.051441906092843104,2.2322,-2.180758093907157,,
2024-07-24,,,,0.051104195648546166,2.2381,-2.186995804351454,,
2024-07-25,,,,0.05164874314022163,2.2168,-2.1651512568597786,,
2024-07-26,,,,0.052504327262511565,2.1944000000000004,-2.1418956727374887,,
2024-07-29,,,,0.051828799555780174,2.1574,-2.1055712004442197,,
2024-07-30,,,,0.05227766837316262,2.1479999999999997,-2.095722331626837,,
2024-07-31,,,,0.052746352812223396,2.1494,-2.0966536471877766,,
2024-08-01,,,,0.052517934901990575,2.1297,-2.0771820650980097,,
2024-08-02,,,,0.052623084921893555,2.1277,-2.0750769150781063,,
2024-08-05,,,,0.053263860465941754,2.1376,-2.084336139534058,,
2024-08-06,,,,0.05368926242685127,2.1491,-2.0954107375731486,,
2024-08-07,,,,0.053443571881348774,2.1414,-2.0879564281186513,,
2024-08-08,,,,0.053400035725793084,2.181,-2.127599964274207,,
2024-08-09,,,,0.05300601957612236,2.1986,-2.1455939804238775,,
2024-08-12,,,,0.05274401506197427,2.2508,-2.1980559849380255,,
2024-08-13,,,,0.05241810191352659,2.2255000000000003,-2.1730818980864735,,
2024-08-14,,,,0.052379324472627026,2.1966,-2.144220675527373,,
2024-08-15,,,,0.05189295855085055,2.205,-2.1531070414491493,,
2024-08-16,,,,0.05119770955324954,2.1978,-2.1466022904467503,,
2024-08-19,,,,0.050334473954492184,2.1816,-2.131265526045508,,
2024-08-20,,,,0.05026219582709282,2.171,-2.120737804172907,,
2024-08-21,,,,0.05051985145926998,2.167,-2.1164801485407296,,
2024-08-22,,,,0.050011618566806235,2.1582,-2.1081883814331936,,
2024-08-23,,,,0.049824232460074926,2.1547,-2.1048757675399252,,
2024-08-26,,,,0.049773037643571716,2.1628000000000003,-2.1130269623564284,,
2024-08-27,,,,0.04910454884484211,2.1902999999999997,-2.1411954511551574,,
2024-08-28,,,,0.04958387864907097,2.1673,-2.117716121350929,,
2024-08-29,,,,0.05314168885007683,2.1703,-2.1171583111499235,,
2024-08-30,,,,0.057541474256687576,2.1704,-2.112858525743312,,
2024-09-02,,,,0.06757995579125714,2.1457,-2.078120044208743,,
2024-09-03,,,,0.06979969931133508,2.1431999999999998,-2.0734003006886645,,
2024-09-04,,,,0.07051361271123953,2.1336,-2.0630863872887604,,
2024-09-05,,,,0.0711275298799608,2.1338,-2.062672470120039,,
2024-09-06,,,,0.07121261247520874,2.1388000000000003,-2.0675873875247914,,
2024-09-09,,,,0.07223088594530624,2.1267,-2.054469114054694,,
2024-09-10,,,,0.07127196099252045,2.1143,-2.0430280390074795,,
2024-09-11,,,,0.07318352786263432,2.1044,-2.031216472137366,,
2024-09-12,,,,0.0728341697913826,2.0998,-2.0269658302086175,,
2024-09-13,,,,0.07298308879476725,2.0724,-1.9994169112052327,,
2024-09-18,,,,0.07179089665543224,2.0403000000000002,-1.968509103344568,,
2024-09-19,,,,0.07225400028447045,2.045,-1.9727459997155294,,
2024-09-20,,,,0.07176098606307628,2.0431,-1.9713390139369236,,
2024-09-23,,,,0.0707758639647256,2.0381,-1.9673241360352745,,
2024-09-24,,,,0.06777715503665861,2.0728,-2.0050228449633414,,
2024-09-25,,,,0.0671427415713653,2.0437,-1.9765572584286346,,
2024-09-26,,,,0.06567719988882828,2.0787,-2.013022800111172,,
2024-09-27,,,,0.06713446790271428,2.1714,-2.104265532097286,,
2024-09-30,,,,0.06445481832021653,2.1517999999999997,-2.0873451816797832,,
2024-10-08,,,,0.06504809498517579,2.1928,-2.1277519050148244,,
2024-10-09,,,,0.0681929359840843,2.176,-2.107807064015916,,
2024-10-10,,,,0.0652434544909607,2.1441000000000003,-2.0788565455090398,,
2024-10-11,,,,0.06582317869269562,2.1392,-2.0733768213073045,,
2024-10-14,,,,0.06398644870952383,2.1368,-2.0728135512904764,,
2024-10-15,,,,0.06581038151872794,2.1254,-2.059589618481272,,
2024-10-16,,,,0.06481096456187484,2.1330999999999998,-2.068289035438125,,
2024-10-17,,,,0.06553313806512111,2.1084,-2.042866861934879,,
2024-10-18,,,,0.06514734171022633,2.1209,-2.0557526582897734,,
2024-10-21,,,,0.0662512490237799,2.1211,-2.05484875097622,,
2024-10-22,,,,0.06622525123945967,2.1458,-2.0795747487605403,,
2024-10-23,,,,0.06624459009111759,2.1559,-2.0896554099088824,,
2024-10-24,,,,0.06628566355226714,2.1661,-2.099814336447733,,
2024-10-25,,,,0.0667417522752852,2.1538999999999997,-2.0871582477247146,,
2024-10-28,,,,0.06718442443203261,2.1617,-2.0945155755679674,,
2024-10-29,,,,0.06752897872594531,2.1597999999999997,-2.0922710212740543,,
2024-10-30,,,,0.06845204485516598,2.1597,-2.091247955144834,,
2024-10-31,,,,0.06878485821623487,2.1475999999999997,-2.078815141783765,,
2024-11-01,,,,0.06775303516470768,2.1406,-2.0728469648352923,,
2024-11-04,,,,0.06777495489219747,2.1275,-2.0597250451078026,,
2024-11-05,,,,0.06737463035844674,2.1106,-2.043225369641553,,
2024-11-06,,,,0.06789398327425142,2.1233999999999997,-2.055506016725748,,
2024-11-07,,,,0.06701886069282811,2.1115,-2.044481139307172,,
2024-11-08,,,,0.06776451140044833,2.1067,-2.038935488599552,,
2024-11-11,,,,0.0687398221485672,2.092,-2.0232601778514328,,
2024-11-12,,,,0.06927857075887649,2.0729,-2.003621429241124,,
2024-11-13,,,,0.06889783628143989,2.0875999999999997,-2.01870216371856,,
2024-11-14,,,,0.06873747351138898,2.0808,-2.012062526488611,,
2024-11-15,,,,0.06866754462475344,2.0948,-2.026132455375247,,
2024-11-18,,,,0.06732075536885711,2.1117,-2.0443792446311426,,
2024-11-19,,,,0.06767003500612855,2.0947,-2.0270299649938717,,
2024-11-20,,,,0.06771885624590085,2.1025,-2.034781143754099,,
2024-11-21,,,,0.06776100517277106,2.0843,-2.0165389948272288,,
2024-11-22,,,,0.06890136962066967,2.0832,-2.0142986303793307,,
2024-11-25,,,,0.06863712645260328,2.0682,-1.9995628735473967,,
2024-11-26,,,,0.06795359991842684,2.0656999999999996,-1.9977464000815728,,
2024-11-27,,,,0.06739394655762493,2.0553,-1.987906053442375,,
2024-11-28,,,,0.06788779711006249,2.0303999999999998,-1.9625122028899373,,
2024-11-29,,,,0.06816546083463688,2.0206,-1.952434539165363,,
2024-12-02,,,,0.06831612920226282,1.981,-1.9126838707977374,,
2024-12-03,,,,0.06736338135829369,1.9886000000000001,-1.9212366186417065,,
2024-12-04,,,,0.06648420284455929,1.9612,-1.8947157971554407,,
2024-12-05,,,,0.06669722294530814,1.9462,-1.8795027770546917,,
2024-12-06,,,,0.06621877605582246,1.9539,-1.8876812239441776,,
2024-12-09,,,,0.06587282126492239,1.9168,-1.8509271787350776,,
2024-12-10,,,,0.06543460737486649,1.8467999999999998,-1.7813653926251334,,
2024-12-11,,,,0.06608673359417884,1.8218,-1.7557132664058213,,
2024-12-12,,,,0.06552358909151476,1.8172000000000001,-1.7516764109084855,,
2024-12-13,,,,0.06625542176280462,1.7771,-1.7108445782371953,,
2024-12-16,,,,0.06135311046471455,1.7215,-1.6601468895352856,,
2024-12-17,,,,0.06138100736347739,1.7236999999999998,-1.6623189926365225,,
2024-12-18,,,,0.06081531254761094,1.7564,-1.695584687452389,,
2024-12-19,,,,0.061381802597860975,1.7416999999999998,-1.6803181974021388,,
2024-12-20,,,,0.06165389316653656,1.7017999999999998,-1.6401461068334633,,
2024-12-23,,,,0.06047107820645629,1.7019,-1.6414289217935436,,
2024-12-24,,,,0.05968702130841978,1.7166000000000001,-1.6569129786915804,,
2024-12-25,,,,0.058965386496789306,1.7365,-1.6775346135032105,,
2024-12-26,,,,0.05924822768195044,1.7121999999999997,-1.6529517723180494,,
2024-12-27,,,,0.059333396870889274,1.6928999999999998,-1.6335666031291105,,
2024-12-30,,,,0.058748881572975434,1.7128,-1.6540511184270246,,
2024-12-31,,,,0.058933634217123464,1.6752,-1.6162663657828766,,
2025-01-02,,,,0.06035697738603718,1.6077000000000001,-1.5473430226139628,,
2025-01-03,,,,0.06083532576863004,1.6040999999999999,-1.5432646742313698,,
2025-01-06,,,,0.060789080282118976,1.5966,-1.535810919717881,,
2025-01-07,,,,0.06059278538601588,1.6093,-1.548707214613984,,
2025-01-08,,,,0.06014817271563408,1.6069,-1.5467518272843659,,
2025-01-09,,,,0.06087656897047677,1.6368,-1.5759234310295234,,
2025-01-10,,,,0.06150967914632502,1.6338,-1.572290320853675,,
2025-01-13,,,,0.062107425820673676,1.6592,-1.5970925741793263,,
2025-01-14,,,,0.06166282044777389,1.6445999999999998,-1.582937179552226,,
2025-01-15,,,,0.06149474254294288,1.633,-1.5715052574570572,,
2025-01-16,,,,0.060948516907324564,1.6394,-1.5784514830926755,,
2025-01-17,,,,0.06146646479949494,1.6593,-1.597833535200505,,
2025-01-20,,,,0.06192410493618857,1.6747,-1.6127758950638116,,
2025-01-21,,,,0.06216260997551163,1.6496,-1.5874373900244882,,
2025-01-22,,,,0.06304010204396358,1.6602,-1.5971598979560364,,
2025-01-23,,,,0.06176700405160836,1.6645,-1.6027329959483918,,
2025-01-24,,,,0.06186766040224755,1.6565,-1.5946323395977526,,
2025-01-27,,,,0.06085997269520897,1.6299000000000001,-1.569040027304791,,
2025-02-05,,,,0.062107770439871944,1.6206999999999998,-1.5585922295601278,,
2025-02-06,,,,0.06209950430314116,1.5958,-1.533700495696859,,
2025-02-07,,,,0.06213271979582328,1.6032000000000002,-1.541067280204177,,
2025-02-10,,,,0.0620205123127038,1.6341999999999999,-1.572179487687296,,
2025-02-11,,,,0.06125641284430739,1.6274,-1.5661435871556926,,
2025-02-12,,,,0.060798404052374126,1.6336,-1.5728015959476258,,
2025-02-13,,,,0.06065897104148321,1.6345999999999998,-1.5739410289585165,,
2025-02-14,,,,0.060379283853167716,1.6546,-1.5942207161468323,,
2025-02-17,,,,0.06035393541897504,1.6934,-1.633046064581025,,
2025-02-18,,,,0.06005420171976862,1.7006000000000001,-1.6405457982802314,,
2025-02-19,,,,0.060285454431891816,1.6625999999999999,-1.602314545568108,,
2025-02-20,,,,0.06041417416012425,1.685,-1.6245858258398758,,
2025-02-21,,,,0.06077144843776955,1.72,-1.6592285515622305,,
2025-02-24,,,,0.06125992126841296,1.7624999999999997,-1.7012400787315867,,
2025-02-25,,,,0.06189202161405502,1.7274999999999998,-1.6656079783859448,,
2025-02-26,,,,0.061717036266156,1.7250999999999999,-1.6633829637338438,,
2025-02-27,,,,0.06130634879284131,1.7576,-1.6962936512071587,,
2025-02-28,,,,0.06164643056678856,1.7152,-1.6535535694332115,,
2025-03-03,,,,0.06177305068743505,1.6955000000000002,-1.6337269493125652,,
2025-03-04,,,,0.062131314341083224,1.7079,-1.6457686856589167,,
2025-03-05,,,,0.061238538476618705,1.7083000000000002,-1.6470614615233814,,
2025-03-06,,,,0.06149823837831304,1.7454999999999998,-1.6840017616216867,,
2025-03-07,,,,0.06150245271188268,1.8002,-1.7386975472881174,,
2025-03-10,,,,0.06202289020080658,1.8127999999999997,-1.750777109799193,,
2025-03-11,,,,0.06166299756051074,1.8853000000000002,-1.8236370024394895,,
2025-03-12,,,,0.062092585249284876,1.8334,-1.771307414750715,,
2025-03-13,,,,0.06178408450883549,1.8565000000000003,-1.7947159154911647,,
2025-03-14,,,,0.061245288363327856,1.8317,-1.7704547116366722,,
2025-03-17,,,,0.061004003333668365,1.8957000000000002,-1.8346959966663319,,
2025-03-18,,,,0.0610637764472642,1.8884999999999998,-1.8274362235527357,,
2025-03-19,,,,0.06057805669808713,1.8707999999999998,-1.8102219433019127,,
2025-03-20,,,,0.06100525146499997,1.8309,-1.769894748535,,
2025-03-21,,,,0.06153315630916049,1.8457999999999999,-1.7842668436908393,,
2025-03-24,,,,0.060384251332505606,1.8413,-1.7809157486674942,,
2025-03-25,,,,0.06005483368247582,1.8183,-1.7582451663175243,,
2025-03-26,,,,0.06028992376474928,1.7943,-1.7340100762352508,,
2025-03-27,,,,0.05776001545420255,1.8062000000000002,-1.7484399845457976,,
2025-03-28,,,,0.057266592133283147,1.8126,-1.7553334078667169,,
2025-03-31,,,,0.049122565031579205,1.8129,-1.7637774349684208,,
2025-04-01,,,,0.04945093215882891,1.8103999999999998,-1.7609490678411708,,
2025-04-02,,,,0.049135916978850745,1.7887,-1.7395640830211492,,
2025-04-03,,,,0.04877380607605542,1.718,-1.6692261939239446,,
2025-04-07,,,,0.05053981969615714,1.6318,-1.5812601803038429,,
2025-04-08,,,,0.049641972020968345,1.6632999999999998,-1.6136580279790314,,
2025-04-09,,,,0.04998982109423988,1.6507999999999998,-1.60081017890576,,
2025-04-10,,,,0.050044838589687585,1.6444,-1.5943551614103124,,
2025-04-11,,,,0.049965864188648366,1.6568,-1.6068341358113516,,
2025-04-14,,,,0.04949386666989893,1.6584,-1.6089061333301011,,
2025-04-15,,,,0.04864356385845922,1.6583,-1.6096564361415409,,
2025-04-16,,,,0.047986219889686994,1.643,-1.595013780110313,,
2025-04-17,,,,0.04796525214261726,1.6522,-1.6042347478573826,,
2025-04-18,,,,0.04757183902740876,1.6493,-1.6017281609725913,,
2025-04-21,,,,0.04782775229353337,1.6664,-1.6185722477064668,,
2025-04-22,,,,0.04721914700533156,1.6509,-1.6036808529946684,,
2025-04-23,,,,0.04745303510176286,1.6611,-1.6136469648982372,,
2025-04-24,,,,0.04685023019446663,1.664,-1.6171497698055333,,
2025-04-25,,,,0.046813267257802764,1.6605999999999999,-1.613786732742197,,
2025-04-28,,,,0.04619336381129073,1.6483,-1.6021066361887093,,
2025-04-29,,,,0.04619755070135079,1.6240999999999999,-1.577902449298649,,
2025-04-30,,,,0.04695975739660593,1.6243,-1.5773402426033942,,
2025-05-06,,,,0.0470126449809451,1.6298,-1.5827873550190548,,
2025-05-07,,,,0.046308830153855535,1.6418,-1.5954911698461445,,
2025-05-08,,,,0.04620813129452948,1.6330999999999998,-1.5868918687054703,,
2025-05-09,,,,0.045894070321461575,1.6351,-1.5892059296785384,,
2025-05-12,,,,0.04587357918984338,1.688,-1.6421264208101565,,
2025-05-13,,,,0.04544573548509566,1.6704,-1.6249542645149044,,
2025-05-14,,,,0.04516707533969064,1.6736,-1.6284329246603093,,
2025-05-15,,,,0.045219173825348485,1.6798,-1.6345808261746515,,
2025-05-16,,,,0.045601774308615374,1.6792999999999998,-1.6336982256913843,,
2025-05-19,,,,0.04567824333932425,1.6892999999999998,-1.6436217566606754,,
2025-05-20,,,,0.045549359864860146,1.7004,-1.6548506401351397,,
2025-05-21,,,,0.04541021295117072,1.71,-1.6645897870488293,,
2025-05-22,,,,0.04524028397830464,1.7186,-1.6733597160216953,,
2025-05-23,,,,0.04565825818558642,1.7208,-1.6751417418144137,,
2025-05-26,,,,0.04584695908877702,1.7201000000000002,-1.674253040911223,,
2025-05-27,,,,0.04569148176716928,1.7260999999999997,-1.6804085182328306,,
2025-05-28,,,,0.045717771857059865,1.6832,-1.6374822281429402,,
2025-05-29,,,,0.04579507240373821,1.6877,-1.6419049275962618,,
2025-05-30,,,,0.04555905915573209,1.6712,-1.625640940844268,,
2025-06-03,,,,0.04519682802882464,1.6764000000000001,-1.6312031719711755,,
2025-06-04,,,,0.04520543929183144,1.6704,-1.6251945607081686,,
2025-06-05,,,,0.0452472960565674,1.6741,-1.6288527039434326,,
2025-06-06,,,,0.04523795995399961,1.6546999999999998,-1.6094620400460002,,
2025-06-09,,,,0.04533864179352409,1.6559000000000001,-1.6105613582064762,,
2025-06-10,,,,0.04527264712534386,1.6569,-1.611627352874656,,
2025-06-11,,,,0.04513686080212853,1.6420000000000001,-1.5968631391978716,,
2025-06-12,,,,0.04519875577799674,1.6475,-1.6023012442220033,,
2025-06-13,,,,0.04535255665019653,1.644,-1.5986474433498035,,
2025-06-16,,,,0.04493869508958309,1.6431999999999998,-1.5982613049104166,,
2025-06-17,,,,0.04425666519869417,1.6364,-1.5921433348013059,,
2025-06-18,,,,0.04386345925580072,1.6383999999999999,-1.5945365407441991,,
2025-06-19,,,,0.04356743909450427,1.6424999999999998,-1.5989325609054956,,
2025-06-20,,,,0.043268875516421675,1.6396000000000002,-1.5963311244835785,,
2025-06-23,,,,0.04290634328607203,1.6418,-1.5988936567139278,,
2025-06-24,,,,0.04243845897184383,1.6480000000000001,-1.6055615410281563,,
2025-06-25,,,,0.042246514961010416,1.6543999999999999,-1.6121534850389894,,
2025-06-26,,,,0.04204948957366744,1.6462,-1.6041505104263327,,
2025-06-27,,,,0.043057254365943896,1.6462,-1.6031427456340561,,
2025-06-30,,,,0.04303950009477145,1.6469,-1.6038604999052286,,
2025-07-01,,,,0.042580731722641006,1.6433,-1.600719268277359,,
2025-07-02,,,,0.0425046285978868,1.6396000000000002,-1.5970953714021134,,
2025-07-03,,,,0.04267251497017238,1.6407,-1.5980274850298277,,
2025-07-04,,,,0.04212233393587846,1.6433,-1.6011776660641215,,
2025-07-07,,,,0.04204759698545908,1.6406,-1.598552403014541,,
2025-07-08,,,,0.04201797742243725,1.6444,-1.602382022577563,,
2025-07-09,,,,0.041745313777028704,1.6445999999999998,-1.6028546862229711,,
2025-07-10,,,,0.041369334493193924,1.6616,-1.620230665506806,,
2025-07-11,,,,0.041839391050077654,1.6653000000000002,-1.6234606089499226,,
2025-07-14,,,,0.04169341062967329,1.6726,-1.6309065893703267,,
2025-07-15,,,,0.041966325040681624,1.6557,-1.6137336749593183,,
2025-07-16,,,,0.042012072699502835,1.6617,-1.6196879273004972,,
2025-07-17,,,,0.04234395644324571,1.6629999999999998,-1.620656043556754,,
2025-07-18,,,,0.04218450934653256,1.6652,-1.6230154906534675,,
2025-07-21,,,,0.042380251665634965,1.6774,-1.6350197483343651,,
2025-07-22,,,,0.04263842050241702,1.6906999999999999,-1.6480615794975828,,
2025-07-23,,,,0.04238287789962727,1.7041,-1.6617171221003726,,
2025-07-24,,,,0.042794352743210695,1.7375999999999998,-1.6948056472567892,,
2025-07-25,,,,0.04307569055874377,1.7324,-1.6893243094412562,,
2025-07-28,,,,0.04311367981665358,1.7146000000000001,-1.6714863201833465,,
2025-07-29,,,,0.04336344362551631,1.7466,-1.7032365563744836,,
2025-07-30,,,,0.04298188108919556,1.718,-1.6750181189108044,,
2025-07-31,,,,0.043023714600062074,1.7044,-1.6613762853999379,,
2025-08-01,,,,0.04315978576753783,1.7059000000000002,-1.6627402142324623,,
2025-08-04,,,,0.04288076549166704,1.7083000000000002,-1.6654192345083332,,
2025-08-05,,,,0.042324866482236594,1.7061,-1.6637751335177633,,
2025-08-06,,,,0.04232255805015579,1.6999,-1.6575774419498441,,
2025-08-07,,,,0.0420847999294898,1.6894,-1.6473152000705102,,
2025-08-08,,,,0.042226301343406686,1.6891,-1.6468736986565933,,
2025-08-11,,,,0.04261516124318631,1.7203,-1.6776848387568137,,
2025-08-12,,,,0.042297150724881896,1.7271,-1.6848028492751181,,
2025-08-13,,,,0.04267169894443689,1.7262,-1.683528301055563,,
2025-08-14,,,,0.04258348358779976,1.7341,-1.6915165164122001,,
2025-08-15,,,,0.04310742365335528,1.7465000000000002,-1.7033925763466449,,
2025-08-18,,,,0.04310679594287314,1.7872,-1.7440932040571269,,
2025-08-19,,,,0.043022244350795984,1.7725000000000002,-1.7294777556492043,,
2025-08-20,,,,0.04274474224166792,1.7819999999999998,-1.7392552577583318,,
2025-08-21,,,,0.04234864689308319,1.7667,-1.7243513531069168,,
2025-08-22,,,,0.04231574096945148,1.7818,-1.7394842590305486,,
2025-08-25,,,,0.04220232537929112,1.7643,-1.7220976746207088,,
2025-08-26,,,,0.0423495939597521,1.7597999999999998,-1.7174504060402478,,
2025-08-27,,,,0.04314502210154309,1.7988,-1.755654977898457,,
2025-08-28,,,,0.043179555400231454,1.8478,-1.8046204445997687,,
2025-08-29,,,,0.04311163519113755,1.8378999999999999,-1.7947883648088623,,
2025-09-01,,,,0.043249739331392305,1.8256999999999999,-1.7824502606686077,,
2025-09-02,,,,0.04243607854310171,1.8167,-1.7742639214568983,,
2025-09-03,,,,0.042853633175952595,1.7984,-1.7555463668240474,,
2025-09-04,,,,0.04241446290975681,1.806,-1.7635855370902433,,
2025-09-05,,,,0.04296127240035236,1.8259999999999998,-1.7830387275996475,,
2025-09-08,,,,0.04307329309199458,1.8514,-1.8083267069080053,,
2025-09-09,,,,0.0430050104999206,1.8641,-1.8210949895000794,,
2025-09-10,,,,0.04285244384711295,1.8991999999999998,-1.8563475561528868,,
2025-09-11,,,,0.042743233235770665,1.8742999999999999,-1.8315567667642292,,
2025-09-12,,,,0.04306669198089328,1.867,-1.8239333080191067,,
2025-09-15,,,,0.04330779921411333,1.8724,-1.8290922007858867,,
2025-09-16,,,,0.04365677379162219,1.8526999999999998,-1.8090432262083775,,
2025-09-17,,,,0.04378439240241015,1.8349,-1.7911156075975898,,
2025-09-18,,,,0.04478637233327394,1.8546,-1.809813627666726,,
2025-09-19,,,,0.04485884587906682,1.8789,-1.8340411541209332,,
2025-09-22,,,,0.045395523917043386,1.8647,-1.8193044760829566,,
2025-09-23,,,,0.04462287851892205,1.8769999999999998,-1.8323771214810778,,
2025-09-24,,,,0.04471810199940482,1.9022000000000001,-1.8574818980005954,,
2025-09-25,,,,0.044939796788164794,1.884,-1.839060203211835,,
2025-09-26,,,,0.04495460074526871,1.8768,-1.8318453992547312,,
2025-09-29,,,,0.04535555890638987,1.8870000000000002,-1.8416444410936104,,
2025-09-30,,,,0.04558941219255588,1.8605,-1.814910587807444,,
2025-10-09,,,,0.04536765888127306,1.8466,-1.801232341118727,,
2025-10-10,,,,0.045131081892076506,1.846,-1.8008689181079236,,
2025-10-13,,,,0.045108985963609315,1.8383,-1.7931910140363907,,
2025-10-14,,,,0.044159359940903954,1.8368,-1.792640640059096,,
2025-10-15,,,,0.043970701940437645,1.8449,-1.8009292980595624,,
2025-10-16,,,,0.04323347183504188,1.8407,-1.7974665281649582,,
2025-10-17,,,,0.04325378415276755,1.8245999999999998,-1.7813462158472322,,
2025-10-20,,,,0.04305916857254844,1.8498,-1.8067408314274516,,
2025-10-21,,,,0.042886942040472345,1.8356999999999999,-1.7928130579595276,,
2025-10-22,,,,0.04239413978988687,1.8293,-1.786905860210113,,
2025-10-23,,,,0.04210991926606116,1.8391000000000002,-1.796990080733939,,
2025-10-24,,,,0.04219962572963739,1.8485999999999998,-1.8064003742703625,,
2025-10-27,,,,0.041928155067502,1.8422999999999998,-1.800371844932498,,
2025-10-28,,,,0.04182691827405685,1.8179,-1.7760730817259431,,
2025-10-29,,,,0.042340025811649244,1.8207999999999998,-1.7784599741883504,,
2025-10-30,,,,0.0423408308350256,1.8097999999999999,-1.7674591691649741,,
2025-10-31,,,,0.04322216312465022,1.7954,-1.7521778368753498,,
2025-11-03,,,,0.042555189750600665,1.7944000000000002,-1.7518448102493995,,
2025-11-04,,,,0.04186008008114296,1.7984,-1.756539919918857,,
2025-11-05,,,,0.041964163943424226,1.7964,-1.7544358360565757,,
2025-11-06,,,,0.042066406129939365,1.81,-1.7679335938700607,,
2025-11-07,,,,0.04213169640484724,1.8141999999999998,-1.7720683035951525,,
2025-11-10,,,,0.0418060713614035,1.8138999999999998,-1.7720939286385964,,
2025-11-11,,,,0.04165997461638077,1.8119,-1.7702400253836192,,
2025-11-12,,,,0.04121624135108031,1.8071,-1.7658837586489196,,
2025-11-13,,,,0.04131419327812126,1.8126,-1.7712858067218786,,
2025-11-14,,,,0.041307049171952825,1.814,-1.7726929508280471,,
2025-11-17,,,,0.04173843231109389,1.8109,-1.769161567688906,,
2025-11-18,,,,0.04181869723529802,1.8121000000000003,-1.7702813027647022,,
2025-11-19,,,,0.04133015674739739,1.8179,-1.7765698432526027,,
2025-11-20,,,,0.04097913584202192,1.8135,-1.772520864157978,,
2025-11-21,,,,0.041264360028996236,1.8166000000000002,-1.775335639971004,,
2025-11-24,,,,0.04160749415953703,1.821,-1.779392505840463,,
2025-11-25,,,,0.04120842146960661,1.8301,-1.7888915785303934,,
2025-11-26,,,,0.041610401236455596,1.8461999999999998,-1.8045895987635443,,
2025-11-27,,,,0.04145644651065478,1.8537000000000001,-1.8122435534893453,,
2025-11-28,,,,0.041791198324242086,1.8412000000000002,-1.7994088016757581,,
2025-12-01,,,,0.0417169234922419,1.8366,-1.7948830765077581,,
2025-12-02,,,,0.04170870231200358,1.8442,-1.8024912976879965,,
2025-12-03,,,,0.04208505356213145,1.8519,-1.8098149464378686,,
2025-12-04,,,,0.04223231541369989,1.8718,-1.8295676845863,,
2025-12-05,,,,0.04240358016572406,1.848,-1.805596419834276,,
2025-12-08,,,,0.042420098377859025,1.8499,-1.807479901622141,,
2025-12-09,,,,0.042316978980879355,1.8425,-1.8001830210191208,,
2025-12-10,,,,0.04292998344446552,1.8447000000000002,-1.8017700165555348,,
2025-12-11,,,,0.042958507573412234,1.8404,-1.7974414924265878,,
2025-12-12,,,,0.043245913551234284,1.8396,-1.7963540864487657,,
2025-12-15,,,,0.04317053906584926,1.8488,-1.8056294609341508,,
2025-12-16,,,,0.04336095916371658,1.8457999999999999,-1.8024390408362834,,
2025-12-17,,,,0.04319358807826558,1.8339999999999999,-1.7908064119217342,,
2025-12-18,,,,0.04255566033360824,1.8356000000000001,-1.793044339666392,,
2025-12-19,,,,0.0428222742799591,1.8308000000000002,-1.787977725720041,,
2025-12-22,,,,0.042875608247145376,1.8415000000000001,-1.7986243917528548,,
2025-12-23,,,,0.04260832854142777,1.8352,-1.7925916714585721,,
2025-12-24,,,,0.04273270610613937,1.8356000000000001,-1.7928672938938608,,
2025-12-25,,,,0.042801875388752346,1.8386,-1.7957981246112478,,
2025-12-26,,,,0.04293446706101462,1.8376,-1.7946655329389853,,
2025-12-29,,,,0.04252587733324152,1.8584,-1.8158741226667585,,
2025-12-30,,,,0.04363650285623541,1.8582,-1.8145634971437647,,
2025-12-31,,,,0.04312891092581338,1.8473,-1.8041710890741867,,
2026-01-05,,,,0.04358642987810609,1.8584,-1.814813570121894,,
2026-01-06,,,,0.04346662284973744,1.8828999999999998,-1.8394333771502624,,
2026-01-07,,,,0.04399025876266421,1.9019000000000001,-1.857909741237336,,
2026-01-08,,,,0.04431359531273326,1.8905,-1.846186404687267,,
2026-01-09,,,,0.04436363424145142,1.8782,-1.8338363657585486,,
2026-01-12,,,,0.04428841873755016,1.8585,-1.81421158126245,,
2026-01-13,,,,0.043922155491154545,1.8519,-1.8079778445088455,,
2026-01-14,,,,0.044550529863449366,1.8494,-1.8048494701365505,,
2026-01-15,,,,0.04475676286824042,1.8544,-1.8096432371317597,,
2026-01-16,,,,0.04530985202547735,1.8424,-1.7970901479745227,,
2026-01-19,,,,0.04547776704086145,1.8393,-1.7938222329591385,,
2026-01-20,,,,0.04506477597799917,1.8325999999999998,-1.7875352240220006,,
2026-01-21,,,,0.04566568266535841,1.8312,-1.7855343173346416,,
2026-01-22,,,,0.04583861966613782,1.8425,-1.7966613803338622,,
2026-01-23,,,,0.046342325321529765,1.8297999999999999,-1.78345767467847,,
2026-01-26,,,,0.045743603109964774,1.8242,-1.7784563968900353,,
2026-01-27,,,,0.045716055352683825,1.8311000000000002,-1.7853839446473163,,
2026-01-28,,,,0.045462527577852394,1.8164,-1.7709374724221476,,
2026-01-29,,,,0.04488124865972807,1.8174,-1.7725187513402718,,
2026-01-30,,,,0.04509236365439964,1.8112,-1.7661076363456003,,
2026-02-02,,,,0.04546735370010558,1.82,-1.7745326462998945,,
2026-02-03,,,,0.0459751587200868,1.8172000000000001,-1.7712248412799134,,
2026-02-04,,,,0.0454067402297701,1.8193000000000001,-1.77389325977023,,
2026-02-05,,,,0.045097367300938315,1.8169000000000002,-1.771802632699062,,
2026-02-06,,,,0.04510515439026051,1.8102,-1.7650948456097395,,
2026-02-09,,,,0.04499911830474246,1.8114000000000001,-1.7664008816952577,,
2026-02-10,,,,0.04483946005302396,1.8094,-1.764560539946976,,
2026-02-11,,,,0.044723346229732834,1.7993999999999999,-1.7546766537702672,,
2026-02-12,,,,0.04513010987784857,1.7893,-1.7441698901221514,,
2026-02-13,,,,0.04582131642543206,1.7928,-1.746978683574568,,
2026-02-24,,,,0.04530846786994245,1.8023,-1.7569915321300575,,
2026-02-25,,,,0.04548380321310089,1.8158,-1.7703161967868992,,
2026-02-26,,,,0.04587790062607062,1.8287999999999998,-1.7829220993739292,,
2026-02-27,,,,0.045910914262907665,1.7877,-1.7417890857370923,,
2026-03-02,,,,0.04489989302876832,1.7761,-1.7312001069712317,,
2026-03-03,,,,0.04351737066048575,1.7807,-1.7371826293395143,,
2026-03-04,,,,0.04386338301754713,1.7768,-1.7329366169824527,,
2026-03-05,,,,0.043933884059821245,1.7779,-1.7339661159401787,,
2026-03-06,,,,0.04412860278427704,1.781,-1.7368713972157228,,
2026-03-09,,,,0.04377204478429028,1.8054000000000001,-1.76162795521571,,
2026-03-10,,,,0.04444217042768928,1.8055,-1.7610578295723107,,
2026-03-11,,,,0.04396795706540673,1.8075,-1.7635320429345933,,
2026-03-12,,,,0.04373794887887017,1.8052,-1.7614620511211299,,
2026-03-13,,,,0.043743807333151564,1.8143,-1.7705561926668485,,
2026-03-16,,,,0.04377888070518492,1.8312,-1.787421119294815,,
2026-03-17,,,,0.04341245326575001,1.8314000000000001,-1.78798754673425,,
2026-03-18,,,,0.04357635345179209,1.8175000000000001,-1.773923646548208,,
2026-03-19,,,,0.042991390572934454,1.8252000000000002,-1.7822086094270657,,
2026-03-20,,,,0.04332999550468289,1.8298999999999999,-1.786570004495317,,
2026-03-23,,,,0.044439126370317585,1.8316,-1.7871608736296822,,
2026-03-24,,,,0.04407538087734785,1.8272,-1.7831246191226522,,
2026-03-25,,,,0.044084349925771905,1.8233,-1.779215650074228,,
2026-03-26,,,,0.04393257170107647,1.8194,-1.7754674282989233,,
2026-03-27,,,,0.043747890303715425,1.8172000000000001,-1.7734521096962848,,
2026-03-30,,,,0.04240970312536396,1.8063,-1.763890296874636,,
2026-03-31,,,,0.04243298414271,1.8171,-1.77466701585729,,
2026-04-01,,,,0.04266214134111233,1.8244,-1.7817378586588877,,
2026-04-02,,,,0.042207785533803416,1.8209,-1.7786922144661965,,
2026-04-03,,,,0.042660082081103695,1.8199,-1.7772399179188965,,
2026-04-07,,,,0.043271639214416256,1.8171,-1.7738283607855836,,
2026-04-08,,,,0.04357210200647091,1.8135999999999999,-1.7700278979935289,,
2026-04-09,,,,0.043637916941331054,1.8192,-1.775562083058669,,
2026-04-10,,,,0.043378196522391964,1.8127999999999997,-1.7694218034776077,,
2026-04-13,,,,0.04328326053048947,1.7933000000000001,-1.7500167394695108,,
2026-04-14,,,,0.04307327651701798,1.7829000000000002,-1.7398267234829823,,
2026-04-15,,,,0.04285532724862533,1.7809,-1.7380446727513745,,
2026-04-16,,,,0.04292724209200468,1.7812000000000001,-1.7382727579079955,,
2026-04-17,,,,0.04300113063551795,1.7623,-1.719298869364482,,
2026-04-20,,,,0.04249096107772444,1.7627,-1.7202090389222755,,
2026-04-21,,,,0.042196322361600806,1.7510000000000001,-1.7088036776383992,,
2026-04-22,,,,0.042549505624768724,1.7389000000000001,-1.6963504943752314,,
2026-04-23,,,,0.04234998692576059,1.7548000000000001,-1.7124500130742395,,
2026-04-24,,,,0.042310308163667563,1.7600999999999998,-1.7177896918363322,,
2026-04-27,,,,0.04248358835839474,1.7697,-1.7272164116416053,,
2026-04-28,,,,0.04215012505912132,1.7653999999999999,-1.7232498749408784,,
2026-04-29,,,,0.042087161561717656,1.7444000000000002,-1.7023128384382824,,
2026-04-30,,,,0.04216328171398272,1.7472999999999999,-1.705136718286017,,
2026-05-06,,,,0.04268894973385998,1.7653999999999999,-1.7227110502661398,,
2026-05-07,,,,0.043167089735639715,1.7631000000000001,-1.7199329102643603,,
2026-05-08,,,,0.043135076493483054,1.7648000000000001,-1.7216649235065171,,
2026-05-11,,,,0.043190139432294807,1.7622,-1.719009860567705,,
2026-05-12,,,,0.04319363598516645,1.7592,-1.7160063640148338,,
2026-05-13,,,,0.04353375647140876,1.7513999999999998,-1.7078662435285912,,
2026-05-14,,,,0.043286152949938594,1.7588,-1.7155138470500613,,
2026-05-15,,,,0.04328945434864798,1.7658,-1.722510545651352,,
2026-05-18,,,,0.043358883259055896,1.7585,-1.715141116740944,,
2026-05-19,,,,0.04316719221282959,1.7345,-1.6913328077871703,,
2026-05-20,,,,0.04355211991653015,1.7382000000000002,-1.6946478800834701,,
2026-05-21,,,,0.04371445316272911,1.7448000000000001,-1.701085546837271,,
2026-05-22,,,,0.04386751222178682,1.7519,-1.7080324877782131,,
2026-05-25,,,,0.04406308351096949,1.7484,-1.7043369164890305,,
2026-05-26,,,,0.04380351344180861,1.7405,-1.6966964865581913,,
2026-05-27,,,,0.04422977565277136,1.7215999999999998,-1.6773702243472284,,
2026-05-28,,,,0.044500649469690706,1.7193,-1.6747993505303094,,
2026-05-29,,,,0.04401161848570444,1.709,-1.6649883815142956,,
2026-06-01,,,,0.0435764306357619,1.7009,-1.657323569364238,,
2026-06-02,,,,0.04337862851897682,1.7036,-1.6602213714810232,,
2026-06-03,,,,0.043499591423875446,1.7128,-1.6693004085761247,,
2026-06-04,,,,0.04391811048796809,1.7081,-1.664181889512032,,
2026-06-05,,,,0.043687821434758155,1.7207,-1.6770121785652417,,
2026-06-08,,,,0.04304851243533363,1.7274999999999998,-1.6844514875646661,,
2026-06-09,,,,0.04334563629655309,1.7375999999999998,-1.6942543637034466,,
2026-06-10,,,,0.043013795768515654,1.7475999999999998,-1.704586204231484,,
2026-06-11,,,,0.04307221004614506,1.7475,-1.704427789953855,,
2026-06-12,,,,0.04272986375524513,1.7427000000000001,-1.699970136244755,,
2026-06-15,,,,0.04363950486691002,1.7446,-1.70096049513309,,
2026-06-16,,,,0.04435528139021533,1.7324,-1.6880447186097847,,
2026-06-17,,,,0.04467746785824714,1.727,-1.682322532141753,,
2026-06-18,,,,0.04582896002377516,1.7298999999999998,-1.6840710399762246,,
2026-06-22,,,,0.0454314973149814,1.7375000000000003,-1.6920685026850188,,
2026-06-23,,,,0.04521216348681938,1.7437,-1.6984878365131806,,
2026-06-24,,,,0.04610567110940216,1.7454,-1.699294328890598,,
2026-06-25,,,,0.046861378148007095,1.7350999999999999,-1.6882386218519927,,
2026-06-26,,,,0.04726163617086983,1.7314,-1.6841383638291303,,
2026-06-29,,,,0.046958150216643256,1.717,-1.670041849783357,,
2026-06-30,,,,0.04791550300373118,1.733,-1.6850844969962688,,
2026-07-01,,,,0.04781157453611413,1.7448000000000001,-1.696988425463886,,
2026-07-02,,,,0.047705907100527044,1.7409999999999999,-1.6932940928994729,,
2026-07-03,,,,0.047680293982880706,1.7463,-1.6986197060171193,,
2026-07-06,,,,0.046941219340657606,1.7378999999999998,-1.6909587806593422,,
2026-07-07,,,,0.046538395726772784,1.7406000000000001,-1.6940616042732273,,
2026-07-08,,,,0.04588670002009331,1.7385000000000002,-1.6926132999799068,,
2026-07-09,,,,0.04634971674657768,1.7375999999999998,-1.6912502832534222,,
2026-07-10,,,,0.04622489251583383,1.7398,-1.6935751074841663,,
2026-07-13,,,,0.04531891851110754,1.7442,-1.6988810814888924,,
2026-07-14,,,,0.04516464650415537,1.7402000000000002,-1.6950353534958449,,
2026-07-15,,,,0.04488506068993323,1.7406000000000001,-1.695714939310067,,
2026-07-16,,,,0.045405698162763464,1.7437,-1.6982943018372365,,
2026-07-17,,,,0.04469078615716005,1.7404,-1.6957092138428398,,
2026-07-20,,,,0.04318157434766566,1.7453,-1.7021184256523345,,
2026-07-21,,,,0.044140230464254485,1.745,-1.7008597695357457,,
2026-07-22,,,,0.04363447460952799,1.7297,-1.686065525390472,,
2026-07-23,,,,0.043397194862589125,1.7325,-1.6891028051374108,,
2026-07-24,,,,0.043302329439255945,1.7282,-1.684897670560744,,
2026-07-27,,,,0.04335643496606726,1.7337000000000002,-1.690343565033933,,
2026-07-28,,,,0.04253923402953434,1.7350999999999999,-1.6925607659704656,,
2026-07-29,,,,0.042605959422316396,1.7329,-1.6902940405776836,,
2026-07-30,,,,0.0415567326051697,1.7196,-1.6780432673948302,,
2026-07-31,,,,0.04219202486360253,1.7141,-1.6719079751363974,,
2026-08-03,,,,0.042376466281648664,1.7169,-1.6745235337183515,,
2026-08-04,,,,0.04358674240380041,1.7126,-1.6690132575961996,,
2026-08-05,,,,0.044215827073639226,1.7137,-1.6694841729263608,,
2026-08-06,,,,0.04398707564115368,1.7143,-1.6703129243588462,,
2026-08-07,,,,0.04413594629436268,1.7114,-1.6672640537056373,,
2026-08-10,,,,0.04386798554527496,1.7073999999999998,-1.6635320144547248,,
2026-08-11,,,,0.043520374833664444,1.7161,-1.6725796251663354,,
2026-08-12,,,,0.04391296787179721,1.7141,-1.6701870321282029,,
2026-08-13,,,,0.04370366187470844,1.7031999999999998,-1.6594963381252914,,
2026-08-14,,,,0.04388635559219635,1.6964,-1.6525136444078035,,
2026-08-17,,,,0.04392715530143243,1.6924000000000001,-1.6484728446985677,,
2026-08-18,,,,0.0433970485691387,1.6864000000000001,-1.6430029514308615,,
2026-08-19,,,,0.042728388952811815,1.6830999999999998,-1.640371611047188,,
2026-08-20,,,,0.04277321893636516,1.6832,-1.6404267810636348,,
2026-08-21,,,,0.042732955737477867,1.6839,-1.6411670442625221,,
2026-08-24,,,,0.042260840655979605,1.6794,-1.6371391593440203,,
2026-08-25,,,,0.042230338275136135,1.6815,-1.6392696617248639,,
2026-08-26,,,,0.04216366377539563,1.6886999999999999,-1.6465363362246042,,
2026-08-27,,,,0.04285677804461454,1.6987999999999999,-1.6559432219553853,,
2026-08-28,,,,0.04266368834438335,1.6948999999999999,-1.6522363116556165,,
2026-08-31,,,,0.042799214507860436,1.6883,-1.6455007854921395,,
2026-09-01,,,,0.0422943156110655,1.6833999999999998,-1.6411056843889342,,
2026-09-02,,,,0.04231125704707502,1.6861000000000002,-1.6437887429529252,,
2026-09-03,,,,0.04271861881131162,1.6798,-1.6370813811886884,,
2026-09-04,,,,0.0425570342458117,1.6804,-1.6378429657541882,,
2026-09-07,,,,0.043307250381590986,1.6798,-1.636492749618409,,
2026-09-08,,,,0.0432291105425068,1.6815,-1.638270889457493,,
2026-09-09,,,,0.043050112826042305,1.6816000000000002,-1.6385498871739579,,
2026-09-10,,,,0.0426876025135111,1.6797,-1.637012397486489,,
2026-09-11,,,,0.04270277686216342,1.6899000000000002,-1.6471972231378367,,
2026-09-14,,,,0.04251259051477882,1.6888,-1.6462874094852213,,
2026-09-15,,,,0.042918979368700934,1.6865,-1.643581020631299,,
2026-09-16,,,,0.043267909336377974,1.6858000000000002,-1.6425320906636223,,
2026-09-17,,,,0.043352745101605854,1.6862,-1.6428472548983941,,
2026-09-18,,,,0.04362521245795899,1.6820000000000002,-1.6383747875420411,,
